"feature","R2","F","p"
"AWVT01_sp000469545",0.00391566827635481,0.365588673672692,0.845
"AWVT01_sp916439735",0.0111992556962041,1.05332726107555,0.365
"Abiotrophia_defectiva",0.00682294210069089,0.638892743562128,0.63
"Abiotrophia_sp001815865",0.0105935752377454,0.995751060891944,0.36
"Actinomyces_dentalis",0.0099390421381546,0.933610109062962,0.38
"Actinomyces_gerencseriae",0.00402537420529223,0.375872829886071,0.78
"Actinomyces_graevenitzii",0.00949570247664327,0.89156637940483,0.375
"Actinomyces_israelii",0.0109365352622319,1.02834430312036,0.3
"Actinomyces_johnsonii",0.00674532737809883,0.631575630555316,0.715
"Actinomyces_massiliensis",0.00610345685079825,0.57110721537043,0.705
"Actinomyces_naeslundii",0.00637872022653737,0.597029263708226,0.87
"Actinomyces_oricola",0.00710799017216205,0.665775411089966,0.59
"Actinomyces_oris",0.00717897931732421,0.672472744434914,0.7
"Actinomyces_oris_A",0.00978868635521102,0.919347030770431,0.37
"Actinomyces_oris_B",0.0092176601261826,0.865217674190839,0.495
"Actinomyces_oris_C",0.0153364102054761,1.44850095392164,0.105
"Actinomyces_oris_D",0.00599481039615911,0.56087973450621,0.73
"Actinomyces_oris_E",0.0174801408948423,1.65457531280936,0.175
"Actinomyces_sp000195595",0.00834463569809563,0.782581477254661,0.535
"Actinomyces_sp000220835",0.00806394291566038,0.75604338182925,0.52
"Actinomyces_sp001278845",0.00830158118137454,0.778509913112037,0.42
"Actinomyces_sp002999235",0.00555268712165593,0.519283320118112,0.885
"Actinomyces_sp900323545",0.013174759918506,1.24161059390807,0.18
"Actinomyces_sp915063485",0.0123497591775029,1.16288900264054,0.235
"Actinomyces_sp915069725",0.00725846063657508,0.679972392043085,0.715
"Actinomyces_timonensis",0.0157967114928963,1.49267350149557,0.215
"Aggregatibacter_actinomycetemcomitans",0.0061339273627673,0.573975971655468,0.55
"Aggregatibacter_aphrophilus",0.0126490661405376,1.19143367441979,0.235
"Aggregatibacter_kilianii",0.0269632508354171,2.57706847130565,0.055
"Aggregatibacter_segnis",0.0172326731903767,1.63074062698819,0.115
"Aggregatibacter_segnis_A",0.0138948715325148,1.31043132747127,0.205
"Aggregatibacter_sp000466335",0.0211366705844799,2.00815609828837,0.065
"Allisonella_pneumosinta",0.011262855111283,1.05937713654645,0.34
"Alloprevotella_rava",0.00896632289859834,0.84141240488271,0.49
"Alloprevotella_sp000318095",0.02589009539176,2.47177331843476,0.06
"Alloprevotella_sp003639005",0.00376370290742082,0.351346735118615,0.995
"Alloprevotella_sp015257125",0.01128810158297,1.06177891547272,0.265
"Alloprevotella_sp015259235",0.0104222804310111,0.979480500537342,0.35
"Alloprevotella_sp900095835",0.0433665959221829,4.2159236794066,0.03
"Alloprevotella_sp905369775",0.0131904544160557,1.24310943908359,0.215
"Alloprevotella_sp905371275",0.00633745656256221,0.593142474988938,0.655
"Alloprevotella_sp916438195",0.007317979802086,0.685589249877126,0.64
"Alloprevotella_tannerae",0.00669394175944725,0.626731890401732,0.855
"Alloprevotella_tannerae_A",0.0078234490639959,0.733317837702605,0.67
"Alloprevotella_tannerae_B",0.0103437018561788,0.972018542628254,0.36
"Alloscardovia_omnicolens",0.00356733940257133,0.332950311203388,0.985
"Anaeroglobus_geminatus",0.00591241798476058,0.553125179843867,0.68
"Anaeroglobus_micronuciformis",0.0111044056330115,1.04430612266113,0.355
"Arachnia_massiliensis",0.0124918815381734,1.17644094395871,0.245
"Arachnia_propionica",0.00548285345925786,0.512716521263208,0.92
"Arachnia_rubra",0.00729090505064873,0.683034106527378,0.665
"Arachnia_sp013333945",0.00388736115995048,0.362935449043576,0.925
"Arachnia_sp905372155",0.0125920783756398,1.18599746192841,0.21
"Bacillus_A_bombysepticus",0.0269138616975849,2.57221744237561,0.055
"Bacteroides_D_periocalifornicus",0.0106441131673981,1.00055251880815,0.325
"Bacteroides_D_sp013333195",0.0102646875551515,0.964516402138864,0.355
"Bacteroides_D_sp905373475",0.0194980439970583,1.84937733231914,0.1
"Bacteroides_D_sp905373625",0.0072808808512505,0.682088121509057,0.525
"Bacteroides_D_sp905373665",0.00897090807233923,0.841846578998759,0.5
"Bacteroides_heparinolyticus",0.0138791700341982,1.30892967064208,0.23
"Bergeyella_A_cardium",0.00686044463587841,0.642428697649416,0.74
"Bergeyella_A_sp916710115",0.00936697748881959,0.879365907116619,0.325
"Bifidobacterium_dentium",0.00403230959137556,0.376523049501807,0.965
"Bifidobacterium_longum",0.0412558575905582,4.0018964249206,0.05
"Bulleidia_extructa",0.00496181804656761,0.4637501220555,0.86
"Bulleidia_moorei",0.0296720175016003,2.84388132406908,0.055
"Bulleidia_sp015256455",0.010244476108593,0.96259758607185,0.44
"Bulleidia_sp015256775",0.00622329738679474,0.582391049669411,0.855
"Bulleidia_sp900554555",0.00684529089867073,0.640999884250084,0.55
"Bulleidia_sp927911475",0.00957799633068898,0.899367800244759,0.465
"Butyrivibrio_sp015258065",0.00774500731288829,0.7259078416406,0.655
"CAG_793_sp013333035",0.00573776956458196,0.536691984439997,0.835
"CAG_793_sp013333395",0.00957802023468499,0.899370066521315,0.505
"CAJPNN01_sp905372035",0.00744980312388423,0.698031890681,0.485
"CAJPNX01_sp905372165",0.00523151208790731,0.489089300764394,0.815
"CAJPPJ01_sp905372515",0.00731252735113963,0.685074670924696,0.57
"CAJPQU01_sp905372875",0.00696301006974878,0.65210051896669,0.605
"CAJPQU01_sp905373705",0.00679923581707292,0.636657716940016,0.76
"CAJPSE01_sp905373185",0.00957729957324898,0.899301742506889,0.375
"Campylobacter_A_concisus_A",0.0113152977462187,1.06436631213115,0.355
"Campylobacter_A_concisus_AB",0.0115434979093742,1.08608249660072,0.26
"Campylobacter_A_concisus_AC",0.0139345158090749,1.31422303185804,0.15
"Campylobacter_A_concisus_AD",0.0056932592095779,0.532504794315124,0.74
"Campylobacter_A_concisus_AF",0.00732520960920266,0.68627157680478,0.76
"Campylobacter_A_concisus_B",0.00382262509664525,0.356868307737362,0.865
"Campylobacter_A_concisus_C",0.0192098631163121,1.82150819286725,0.07
"Campylobacter_A_concisus_D",0.00598486747753213,0.5599438652388,0.81
"Campylobacter_A_concisus_F",0.0113321908582458,1.06597356571337,0.27
"Campylobacter_A_concisus_I",0.00744382661482815,0.697467703835814,0.59
"Campylobacter_A_concisus_J",0.0115314073073741,1.08493166855659,0.275
"Campylobacter_A_concisus_L",0.0116069712706748,1.09212458687663,0.35
"Campylobacter_A_concisus_Q",0.00603382850062866,0.564552463301634,0.6
"Campylobacter_A_concisus_R",0.00971939374900557,0.9127752406255,0.38
"Campylobacter_A_concisus_T",0.010925554517766,1.02730039664187,0.3
"Campylobacter_A_curvus",0.00524885071424417,0.490718826286555,0.885
"Campylobacter_A_massiliensis",0.00943784078573109,0.886081892901314,0.495
"Campylobacter_A_rectus",0.00595606070642723,0.557232556632634,0.715
"Campylobacter_A_showae",0.0070587471398187,0.66113023515962,0.8
"Campylobacter_A_showae_A",0.0207132928892648,1.96708096282145,0.13
"Campylobacter_A_showae_B",0.00856863548209663,0.803770314672748,0.59
"Campylobacter_A_showae_D",0.00557343757856178,0.521234764228449,0.885
"Campylobacter_A_showae_E",0.00795953743496024,0.746176198839038,0.635
"Campylobacter_A_sp905371695",0.00449592496640209,0.420009352409012,0.765
"Campylobacter_A_sp905372745",0.0056124405674265,0.524902959434155,0.87
"Campylobacter_B_gracilis",0.00678641748815534,0.635449250303541,0.635
"Campylobacter_B_gracilis_A",0.00900725426010746,0.845288373493159,0.47
"Campylobacter_B_sp019423325",0.00740330234837175,0.693642362530022,0.59
"Campylobacter_B_sp900539505",0.0071837609008182,0.672923888092599,0.65
"Campylobacter_B_sp905373215",0.00643991275338089,0.602793825710274,0.665
"Campylobacter_B_sp905373295",0.0075339830630108,0.705979260652598,0.62
"Capnocytophaga_bilenii",0.00714425213164281,0.66919635573372,0.775
"Capnocytophaga_gingivalis",0.00614078452806856,0.574621588470349,0.845
"Capnocytophaga_granulosa",0.0108826098749672,1.02321800069051,0.405
"Capnocytophaga_haemolytica",0.00643192818992931,0.602041610066724,0.785
"Capnocytophaga_leadbetteri",0.00726908497056873,0.680974967162023,0.755
"Capnocytophaga_ochracea",0.0076567252293846,0.71756968020705,0.72
"Capnocytophaga_periodontitidis",0.0145001085374263,1.36835133688278,0.16
"Capnocytophaga_sp000192225",0.00927170708654063,0.870338280652694,0.47
"Capnocytophaga_sp000466425",0.00942251305275466,0.884629143558208,0.49
"Capnocytophaga_sp002999135",0.0255677401082729,2.44018997311684,0.055
"Capnocytophaga_sp905372595",0.00705892834371134,0.661147327575144,0.655
"Capnocytophaga_sp915070235",0.00844891482855962,0.79244437407901,0.645
"Capnocytophaga_sputigena",0.0116166098928223,1.09304216445333,0.265
"Cardiobacterium_hominis",0.00662962802275978,0.620670218792055,0.775
"Cardiobacterium_sp916618745",0.00758159294179188,0.710474673355479,0.645
"Cardiobacterium_valvarum",0.00630554382458809,0.590136708565048,0.825
"Catonella_massiliensis",0.0128042887619486,1.20624395072364,0.27
"Catonella_morbi",0.00535432865077749,0.500633118773684,0.78
"Catonella_sp916438525",0.00936551256408798,0.879227080731459,0.43
"Catonella_sp916438995",0.00801058737505256,0.751000581657975,0.635
"Catonella_sp916439065",0.00757663812922528,0.710006810691849,0.685
"Centipeda_artemidis",0.00419578688167427,0.391852308772408,0.7
"Centipeda_felix",0.00698998277070315,0.654644350405666,0.795
"Centipeda_flueggei",0.00475651959900294,0.444470455138316,0.79
"Centipeda_infelix",0.00960779108388727,0.902192649293346,0.475
"Centipeda_massiliensis",0.0121462164281643,1.1434871704747,0.295
"Centipeda_noxia",0.00389673460800548,0.36381400516933,0.745
"Centipeda_periodontii",0.0190172827288571,1.80289342783076,0.095
"Centipeda_sp000286455",0.00385809766120055,0.360192741264304,0.76
"Centipeda_sp000468035",0.0088686716328246,0.832166674835584,0.52
"Centipeda_sp001683335",0.00580011370804676,0.542557469866726,0.83
"Centipeda_sp001717585",0.00665503489814648,0.623064763270997,0.68
"Centipeda_sp015265235",0.0116329859215894,1.09460117071652,0.36
"Centipeda_sp905372865",0.00674838988605981,0.631864326232068,0.59
"Centipeda_timonae",0.00467759832807575,0.43706104050337,0.71
"Chlamydophila_abortus",0.0259641423588296,2.47903115724996,0.1
"Clostridium_sp900540255",0.00693464753150456,0.649425759167631,0.72
"Clostridium_tertium",0.00470536694362708,0.439667924676263,0.875
"Corynebacterium_durum",0.00529144050237651,0.494721757465877,0.86
"Corynebacterium_matruchotii",0.0101125237706196,0.950072339787534,0.37
"Corynebacterium_sp915275065",0.00437266650615865,0.408443974359076,0.86
"Cryptobacterium_curtum",0.0361528567681396,3.48832872831182,0.06
"Cuspidothrix_issatschenkoi",0.00651736354075221,0.610090994091388,0.755
"Cutibacterium_acnes",0.00677705095808998,0.634566226757386,0.665
"Desulfobulbus_oralis",0.0109365711641136,1.02834771624271,0.29
"Desulfomicrobium_orale",0.013923267782253,1.31314720390705,0.235
"Desulfovibrio_sp000403945",0.00683014761697933,0.639572100235387,0.745
"Desulfovibrio_sp003860215",0.00419595940901438,0.391868489313167,0.705
"Dialister_invisus",0.00384398648975551,0.358870235885582,0.915
"Eggerthia_catenaformis",0.0156166998763494,1.47539387179573,0.155
"Eikenella_corrodens",0.00415126729528797,0.387677210185553,0.98
"Eikenella_corrodens_B",0.0187639057198957,1.77841320974905,0.09
"Eikenella_exigua",0.0309983974315529,2.9750734709758,0.01
"Eikenella_halliae",0.018314697134562,1.73504363215239,0.075
"Escherichia_coli",0.00263007628652998,0.245242100079165,1
"Eubacterium_B_infirmum",0.00898393605389774,0.843080231904223,0.285
"Eubacterium_B_sulci",0.0108465309240204,1.0197885439114,0.435
"Eubacterium_N_saphenum",0.00764080737721502,0.716066411601336,0.585
"F0058_sp000163695",0.0195094129997377,1.85047713158221,0.095
"F0058_sp905372135",0.0102091589687301,0.959244867433465,0.465
"F0058_sp905372605",0.0126422984591155,1.19078805468664,0.285
"F0422_sp001553345",0.00632957075986622,0.592399716591852,0.775
"F0422_sp003992015",0.00751655860340158,0.704334118796657,0.575
"F0422_sp003992055",0.00491439330677022,0.459295737427472,0.71
"F0422_sp003992315",0.0140215428956052,1.32254764786734,0.25
"F0422_sp003999875",0.0164573092527137,1.55613963166103,0.2
"F0422_sp900544365",0.0119874574516085,1.12835970697709,0.31
"F0422_sp900766245",0.0118786995444593,1.11799943703817,0.35
"F0422_sp916438745",0.0074490794382104,0.69796357386023,0.54
"F0428_sp003043955",0.0225159100213179,2.14221351881874,0.085
"Filifactor_alocis",0.0161689389193719,1.5284243189577,0.105
"Flexilinea_sp001717545",0.00748235427267356,0.70110486232082,0.455
"Fretibacterium_fastidiosum",0.00581308285978129,0.543777730967076,0.83
"Fusobacterium_animalis",0.0135165573478713,1.27426348887571,0.235
"Fusobacterium_hwasookii",0.00960726181578213,0.902142467750553,0.4
"Fusobacterium_massiliense",0.00572211743215344,0.535219510078921,0.53
"Fusobacterium_nucleatum",0.00397665085438145,0.371305080121577,1
"Fusobacterium_nucleatum_J",0.0118461163703742,1.11489601032397,0.275
"Fusobacterium_periodonticum",0.00485049322266016,0.453294571956539,0.94
"Fusobacterium_periodonticum_B",0.0112486542580549,1.05802621711135,0.28
"Fusobacterium_periodonticum_D",0.0120695270714536,1.13617916280873,0.23
"Fusobacterium_polymorphum",0.00832657289515855,0.78087327751687,0.42
"Fusobacterium_pseudoperiodonticum",0.00872060098788556,0.818150657303679,0.535
"Fusobacterium_sp000235465",0.00691276962909452,0.647362644332543,0.68
"Fusobacterium_vincentii",0.0127946531050805,1.20532444695029,0.27
"GN02_872_sp002761215",0.0205659768365231,1.952797024162,0.065
"GN02_872_sp003260325",0.00952763759677632,0.89459366069568,0.47
"GN02_873_sp003260345",0.00851944452404214,0.799116368303939,0.445
"GN02_873_sp013332525",0.00884273424828389,0.829711200741382,0.495
"Gallibacter_brachus",0.01197291090293,1.12697387172862,0.31
"Gemella_haemolysans",0.0215914892059966,2.05232116647077,0.04
"Gemella_haemolysans_A",0.00743368604854563,0.696510442473626,0.69
"Gemella_haemolysans_B",0.0133867823615451,1.26186304558502,0.2
"Gemella_haemolysans_C",0.00631472811142518,0.591001729598337,0.86
"Gemella_morbillorum",0.00493677485591205,0.461397879047674,0.94
"Gemella_sanguinis",0.0181695159802223,1.72103536574103,0.135
"Gemella_sp002871655",0.00698420982881747,0.654099884925349,0.605
"Gemella_sp900555985",0.00690133184605673,0.646284082604151,0.5
"Gemella_sp900766305",0.00830586416732282,0.77891492916053,0.63
"Gemella_sp927911695",0.0109607221334067,1.03064375825964,0.305
"Gemella_sp927911745",0.00856325487481376,0.803261234035786,0.525
"Granulicatella_adiacens",0.0105624994514537,0.992798886681167,0.39
"Granulicatella_adiacens_A",0.0144886917978197,1.36725811868695,0.165
"Granulicatella_elegans",0.00822963430687361,0.77170685575421,0.505
"Granulicatella_elegans_A",0.00851443353546757,0.798642305628369,0.435
"Granulicatella_sp001058355",0.00796564438684128,0.746753299202385,0.755
"Granulicatella_sp001071995",0.0100685264964485,0.945896750666707,0.46
"Granulicatella_sp015264885",0.00996984588880272,0.93653275489477,0.46
"Granulicatella_sp900551535",0.00784739728257425,0.735580338428303,0.73
"Granulicatella_sp905371865",0.00905764141484641,0.850060191980713,0.59
"Granulicatella_sp916049935",0.00838018380450867,0.785943444342848,0.625
"Granulicatella_sp916050055",0.00732044392720171,0.685821805299507,0.78
"Granulicatella_sp934193545",0.0121081309440955,1.13985772438538,0.335
"HOT_345_sp003260355",0.0156414323581111,1.47776761143968,0.205
"HOT_345_sp013333295",0.00930870194559563,0.873843630847006,0.49
"HOT_345_sp013333605",0.0121791123669072,1.1466222918573,0.29
"HOT_345_sp916049765",0.00966357976216532,0.907482446889658,0.485
"Haemophilus_A_parahaemolyticus",0.00629706526262648,0.58933817034468,0.755
"Haemophilus_A_parahaemolyticus_A",0.014096574139232,1.3297259757506,0.225
"Haemophilus_A_paraphrohaemolyticus",0.00781519931624141,0.732538470564729,0.615
"Haemophilus_A_sputorum",0.0162873112596911,1.53979913493944,0.135
"Haemophilus_D_parainfluenzae",0.0298520315061678,2.86166545747011,0.005
"Haemophilus_D_parainfluenzae_A",0.0136331829120861,1.28541024379473,0.21
"Haemophilus_D_parainfluenzae_J",0.0106872467844134,1.00465090308389,0.43
"Haemophilus_D_parainfluenzae_K",0.00818244504384852,0.767245331840849,0.67
"Haemophilus_D_parainfluenzae_L",0.0134468715081781,1.26760436325647,0.19
"Haemophilus_D_parainfluenzae_M",0.0059721773250119,0.558749441973825,0.75
"Haemophilus_D_parainfluenzae_N",0.00950405075505075,0.892357733409708,0.43
"Haemophilus_D_parainfluenzae_O",0.0218285178990247,2.07535406803011,0.025
"Haemophilus_D_pittmaniae",0.00592111789926978,0.553943931962826,0.88
"Haemophilus_D_sp001679485",0.00667038989831913,0.624511999073679,0.63
"Haemophilus_D_sp001815355",0.00423454188485879,0.395487101990166,0.935
"Haemophilus_D_sp015255025",0.0057759149107842,0.540280702066003,0.615
"Haemophilus_D_sp019423005",0.00425642206374535,0.397539347176848,0.945
"Haemophilus_D_sp019423025",0.00894767915603484,0.839647053954334,0.45
"Haemophilus_D_sp900755445",0.00738656532308758,0.692062540208054,0.73
"Haemophilus_D_sp900756155",0.00271515232908206,0.253196634035248,0.96
"Haemophilus_D_sp900756875",0.00735460765742937,0.689046176426399,0.755
"Haemophilus_D_sp900764435",0.00694331680259051,0.650243307926616,0.685
"Haemophilus_D_sp905205995",0.0105903551624423,0.995445147766712,0.39
"Haemophilus_D_sp905207935",0.00730266987658488,0.684144379070668,0.51
"Haemophilus_D_sp905214375",0.015383091534271,1.45297881885501,0.12
"Haemophilus_D_sp905215245",0.023213442772134,2.21015549593077,0.045
"Haemophilus_D_sp927911595",0.00355680866358312,0.331963937923634,0.865
"Haemophilus_haemolyticus",0.0292190634216396,2.79916178390379,0.06
"Haemophilus_haemolyticus_G",0.00463564961812002,0.43312322198375,0.86
"Haemophilus_haemolyticus_I",0.00908710364740031,0.852850580831994,0.365
"Haemophilus_haemolyticus_J",0.00516049846959285,0.482415864000015,0.8
"Haemophilus_influenzae",0.00879299466091466,0.82500274822545,0.46
"Haemophilus_influenzae_D",0.00635884586972635,0.595157178651859,0.82
"Haemophilus_influenzae_E",0.00697330099789382,0.653071053835532,0.67
"Haemophilus_quentini",0.014000053232946,1.32049190766496,0.18
"Haemophilus_seminalis",0.0481830767964881,4.70786559141194,0.025
"Haemophilus_sp001276515",0.0476804142768205,4.65629248229414,0.025
"Halomonas_desiderata",0.00290150621520247,0.270625299000872,0.97
"Hornefia_nodata",0.0118782049289967,1.11795232521646,0.28
"JABCPE02_sp013333255",0.00727599296002795,0.681626857499129,0.555
"JABCPE02_sp013333875",0.00736561005240178,0.690084629154877,0.755
"JABCPH02_sp013333235",0.0128216097964202,1.20789689371257,0.22
"JABCPO02_sp013333105",0.00580474470437231,0.54299319437619,0.65
"JABZIP01_sp015258265",0.0102380697747503,0.961989403689317,0.35
"Johnsonella_ignava",0.00638579636273237,0.597695825563011,0.76
"Johnsonella_sp900766185",0.00905625790353309,0.849929162725958,0.575
"Johnsonella_sp905373785",0.010418343451225,0.979106609901237,0.415
"Johnsonella_sp916438835",0.00907705713971556,0.851899050350851,0.475
"Kingella_A_denitrificans",0.0190148658352054,1.80265985802088,0.13
"Kingella_B_oralis",0.00676852201570065,0.633762180733172,0.655
"Kingella_B_oralis_A",0.00635146454442218,0.59446190635247,0.71
"Kingella_kingae",0.00778569663760977,0.729751410399951,0.42
"Klebsiella_pneumoniae",0.00362143546495789,0.338017607191548,0.985
"Lachnoanaerobaculum_gingivalis",0.0109584684683929,1.03042949670913,0.28
"Lachnoanaerobaculum_orale",0.00700106103360386,0.655689196206878,0.73
"Lachnoanaerobaculum_saburreum",0.007755645897508,0.726912746327143,0.63
"Lachnoanaerobaculum_sp000209465",0.00929004895202952,0.872076182968421,0.485
"Lachnoanaerobaculum_sp000287675",0.00974274692122433,0.914989979479387,0.465
"Lachnoanaerobaculum_sp000296385",0.00992693856628823,0.932461777444913,0.43
"Lachnoanaerobaculum_sp916439105",0.00524194584562953,0.490069883433077,0.915
"Lachnoanaerobaculum_sp916439285",0.00808137318509714,0.757690889047374,0.71
"Lachnoanaerobaculum_sp916720285",0.00709756321007814,0.664791780218911,0.76
"Lachnoanaerobaculum_umeaense",0.00874700572454548,0.820649760535984,0.46
"Lachnospira_sp003451515",0.00844522726958824,0.7920955631215,0.33
"Lactobacillus_paragasseri",0.00922738769137752,0.866139258026643,0.42
"Lactococcus_petauri",0.0305722206654023,2.9328812135278,0.035
"Lancefieldella_parvula",0.0049360562780543,0.461330386610135,0.83
"Lancefieldella_rimae",0.00704716984197714,0.660038196577347,0.67
"Lancefieldella_sp000564995",0.00794244815714802,0.744561318285063,0.635
"Lancefieldella_sp015258605",0.0126118563188876,1.18788406075427,0.295
"Lancefieldella_sp015258715",0.00550551559070523,0.514847450601709,0.92
"Lancefieldella_sp015258785",0.00533303780473684,0.498631737748581,0.92
"Lancefieldella_sp015259035",0.0120912669019113,1.13825071507502,0.315
"Lancefieldella_sp015259045",0.00794245690843379,0.744562145238551,0.67
"Lancefieldella_sp015259105",0.0166054017569689,1.57037913992737,0.185
"Lancefieldella_sp018376005",0.0138410999998161,1.30528893465613,0.16
"Lancefieldella_sp900555335",0.0115242949199722,1.08425469847096,0.295
"Lancefieldella_sp916438885",0.013599734381048,1.28221305439717,0.23
"Lancefieldella_sp916438965",0.00607820385062,0.568729813852178,0.89
"Lancefieldella_sp916715765",0.0100024976941115,0.939630941881855,0.465
"Lancefieldella_sp916720015",0.00667246697371904,0.62470777052291,0.695
"Lancefieldella_sp916720465",0.0240454285524846,2.29132064217327,0.07
"Lautropia_dentalis",0.00786531913621422,0.737273571599247,0.62
"Lautropia_mirabilis",0.0055784857900542,0.521709527661637,0.8
"Leptotrichia_A_sp000469505",0.00647747975473318,0.606333127749809,0.8
"Leptotrichia_A_sp001274535",0.0129104537468836,1.21637616669916,0.19
"Leptotrichia_A_sp905371725",0.00816581384913339,0.765673031413227,0.64
"Leptotrichia_buccalis",0.00780774982227614,0.73183471584425,0.695
"Leptotrichia_hofstadii",0.0127896854459933,1.20485040415601,0.205
"Leptotrichia_hongkongensis",0.00221343627755113,0.206306219482743,1
"Leptotrichia_massiliensis",0.00531720638595685,0.497143609066855,0.87
"Leptotrichia_shahii",0.0101407985099474,0.952755967722934,0.42
"Leptotrichia_sp000469385",0.00714123232342619,0.668911458205482,0.65
"Leptotrichia_sp001553645",0.00612938250002352,0.573548067993067,0.635
"Leptotrichia_sp002240055",0.00737802767017328,0.69125668426985,0.49
"Leptotrichia_sp018128225",0.0061716127085082,0.577524237816845,0.735
"Leptotrichia_trevisanii",0.00955736859301196,0.897412178116227,0.49
"Leptotrichia_wadei",0.0086068579664864,0.807386854867085,0.5
"Leptotrichia_wadei_A",0.0221481920726048,2.10643560307779,0.085
"Ligilactobacillus_salivarius",0.00454361412454409,0.424484808755316,0.81
"Limosilactobacillus_mucosae",0.00761748211994852,0.713863680981168,0.555
"Limosilactobacillus_vaginalis",0.00450138943828911,0.420522151733266,0.78
"Mesocricetibacter_sp905373425",0.00869027788620074,0.815280860651027,0.57
"Metamycoplasma_orale",0.0087573144289824,0.821625474518585,0.54
"Metamycoplasma_salivarium",0.0269559962359424,2.57635588960529,0.055
"Mobiluncus_sp916438445",0.0112261321204881,1.05588377800112,0.29
"Mogibacterium_diversum",0.0131757862971811,1.24170861296565,0.245
"Mogibacterium_pumilum",0.0200604534359322,1.90381353225622,0.055
"Mogibacterium_sp916438645",0.00917039530125793,0.860740089892946,0.415
"Mogibacterium_sp916438865",0.00425267844596155,0.397188209210725,0.985
"Mogibacterium_timidum",0.00790157784400456,0.740699433727029,0.51
"Moraxella_sp916720335",0.00586073615350705,0.548261679321739,0.795
"Nanogingivalis_gingivitcus",0.00963110290685274,0.904402968395182,0.405
"Nanogingivalis_sp013333405",0.00913230842224065,0.857132279604386,0.525
"Nanogingivalis_sp015257795",0.0239612972061644,2.28310684176218,0.045
"Nanogingivalis_sp900555945",0.0481333830972703,4.70276459806088,0.01
"Nanogingivalis_sp900556165",0.00641741536949047,0.600674406531146,0.445
"Nanogingivalis_sp916438495",0.0103438316815957,0.972030870098007,0.31
"Nanogingivalis_sp934717805",0.0257978534161643,2.46273360833415,0.06
"Nanoperiomorbus_periodonticus",0.0122357684533048,1.15202234482162,0.25
"Nanoperiomorbus_sp013333515",0.0144313673198593,1.36176935450673,0.185
"Nanoperiomorbus_sp905365345",0.0074934718572901,0.702154457393931,0.69
"Nanoperiomorbus_sp905372225",0.0100117538121951,0.940509251619448,0.35
"Nanoperiomorbus_sp905373275",0.00876126673070653,0.821999563383031,0.435
"Nanoperiomorbus_sp905373385",0.0107170046284926,1.00747858308787,0.32
"Nanosynbacter_featherlites",0.0211195751151692,2.00649684658045,0.185
"Nanosynbacter_lyticus",0.0204164071460436,1.93829896543105,0.105
"Nanosynbacter_sp005697215",0.00544844320421284,0.509481096811391,0.675
"Nanosynbacter_sp007845355",0.00594981535075666,0.556644761165269,0.885
"Nanosynbacter_sp010202115",0.0136895183639975,1.29079557761571,0.23
"Nanosynbacter_sp010202465",0.00678859763375017,0.635654784504737,0.69
"Nanosynbacter_sp010202645",0.0103822467699625,0.975678686497926,0.415
"Nanosynbacter_sp010202845",0.0118425301539411,1.11455444898686,0.28
"Nanosynbacter_sp013099015",0.00879937528297497,0.825606724723664,0.58
"Nanosynbacter_sp013099195",0.00798452036143137,0.748537103356152,0.61
"Nanosynbacter_sp013100805",0.00780804525881834,0.731862625573824,0.67
"Nanosynbacter_sp013100825",0.00869899143921223,0.816105498592488,0.615
"Nanosynbacter_sp013333695",0.013048236824509,1.22952921303366,0.245
"Nanosynbacter_sp015257635",0.00994065215485826,0.933762862210175,0.4
"Nanosynbacter_sp015257705",0.00607327386245007,0.568265702445445,0.79
"Nanosynbacter_sp021222645",0.00971789386096347,0.912632999694648,0.445
"Nanosynbacter_sp022819365",0.00641377072531316,0.600331063253113,0.745
"Nanosynbacter_sp022828255",0.00897062483088487,0.841819758501032,0.465
"Nanosynbacter_sp022828325",0.0068411517593508,0.640609621257145,0.76
"Nanosynbacter_sp022828365",0.00487129042002663,0.455247652591284,0.905
"Nanosynbacter_sp022828375",0.00788096971794971,0.738752268022676,0.64
"Nanosynbacter_sp024330325",0.00878223787385888,0.8239845505966,0.46
"Nanosynbacter_sp900555265",0.00438078838644806,0.409205964677393,0.965
"Nanosynbacter_sp900555425",0.0106354074444532,0.999725379073151,0.255
"Nanosynbacter_sp900555675",0.00648945925931578,0.607461809782541,0.775
"Nanosynbacter_sp900555885",0.0079694376984429,0.747111766633146,0.685
"Nanosynbacter_sp900556355",0.00786860342897865,0.737583873894298,0.585
"Nanosynbacter_sp900556885",0.00612531882402163,0.573165471888248,0.55
"Nanosynbacter_sp900557595",0.010267263023748,0.964760915280788,0.405
"Nanosynbacter_sp905370345",0.00461297065587584,0.430994435681096,0.935
"Nanosynbacter_sp905372305",0.0106683913189181,1.00285928798138,0.37
"Nanosynbacter_sp905372835",0.0173188277669338,1.63903718503608,0.19
"Nanosynbacter_sp905373315",0.00869015379256612,0.815269116715234,0.525
"Nanosynbacter_sp905373795",0.00801341972123636,0.751268261981483,0.655
"Nanosynbacter_sp915070155",0.0101019906576172,0.949072654244982,0.37
"Nanosyncoccus_nanoralicus",0.0217886731077083,2.0714814307604,0.06
"Nanosyncoccus_sp007845165",0.0100634314035229,0.945413221631505,0.37
"Nanosyncoccus_sp013332955",0.00614977834127524,0.575468388771955,0.795
"Nanosyncoccus_sp013332965",0.0089734967505978,0.842091704983974,0.535
"Nanosyncoccus_sp013333135",0.0118484731392583,1.11512047696943,0.325
"Nanosyncoccus_sp013333375",0.00872901459048605,0.818946956850384,0.595
"Nanosyncoccus_sp015257445",0.0118753409078714,1.11767952987505,0.345
"Nanosyncoccus_sp015257455",0.0119042594330815,1.12043406506477,0.26
"Nanosyncoccus_sp015257485",0.00879744548574673,0.825424053285852,0.49
"Nanosyncoccus_sp905372495",0.00722730995430155,0.677032952748836,0.62
"Nanosyncoccus_sp916049555",0.00734173911582311,0.687831618067012,0.765
"Neisseria_bacilliformis",0.00383222066586002,0.357767566185693,0.99
"Neisseria_bergeri",0.020309715986177,1.92795990481397,0.13
"Neisseria_cerebrosa",0.0216648786937043,2.05945148511509,0.09
"Neisseria_cinerea",0.0114507187389576,1.07725215415118,0.315
"Neisseria_elongata",0.0307710678757956,2.95256282349841,0.045
"Neisseria_flava",0.00743833060898356,0.696948882843624,0.48
"Neisseria_flavescens",0.0117564515673984,1.10635682621167,0.305
"Neisseria_flavescens_A",0.00348071402993309,0.324837069729828,0.985
"Neisseria_flavescens_B",0.00488681750334715,0.456705866031288,0.9
"Neisseria_flavescens_C",0.009141898808455,0.858040710535566,0.495
"Neisseria_gonorrhoeae",0.0187634598115859,1.77837013911286,0.085
"Neisseria_lactamica",0.0116374959321288,1.09503053508559,0.28
"Neisseria_lactamica_B",0.016335172344503,1.54439905273388,0.17
"Neisseria_macacae",0.0097180985128977,0.912652407705602,0.49
"Neisseria_meningitidis",0.00816650322634565,0.765738203560055,0.605
"Neisseria_mucosa",0.0051302138376403,0.479570184497175,0.905
"Neisseria_mucosa_A",0.0158764165431945,1.50032654773981,0.14
"Neisseria_perflava",0.0138750918710048,1.30853965189027,0.2
"Neisseria_perflava_A",0.0103970096964883,0.977080618437554,0.32
"Neisseria_perflava_B",0.00945694717653485,0.88789284313368,0.535
"Neisseria_polysaccharea",0.00665482229210329,0.623044725091119,0.57
"Neisseria_sicca",0.00554840949307078,0.518881047384666,0.785
"Neisseria_sicca_A",0.00564533340435174,0.527996724148938,0.745
"Neisseria_sicca_B",0.0112971643744093,1.06264111820342,0.275
"Neisseria_sicca_C",0.0108797190452561,1.02294320588813,0.33
"Neisseria_sicca_E",0.00372415252755101,0.347640852622217,0.905
"Neisseria_sp000090875",0.00597255947898764,0.55878541064693,0.83
"Neisseria_sp000186165",0.0148043840589077,1.39749679677903,0.14
"Neisseria_sp000227275",0.0197496580605601,1.87372360003273,0.075
"Neisseria_sp000952795",0.00762401778159122,0.714480868534296,0.66
"Neisseria_sp001809325",0.00569077907078603,0.532271493055758,0.83
"Neisseria_sp001815675",0.0263267015532659,2.51458394551801,0.04
"Neisseria_sp002237445",0.00551835269679974,0.516054571941143,0.835
"Neisseria_sp915066515",0.0254533598783442,2.42898838416857,0.1
"Neisseria_sp916438535",0.00574222656286819,0.537111285034886,0.795
"Neisseria_sp927911515",0.00500047654783025,0.467381448922441,0.93
"Neisseria_sp943181435",0.00381481665820083,0.356136544836514,0.99
"Neisseria_subflava",0.0185521300055693,1.75796203065552,0.065
"Neisseria_subflava_A",0.00668076299039304,0.625489706589206,0.765
"Neisseria_subflava_B",0.0207796753075006,1.97351888524619,0.115
"Neisseria_subflava_D",0.0173116247672062,1.63834349110803,0.11
"Olegusella_sp000466405",0.0105864374454768,0.995072960074865,0.37
"Olsenella_F_profusa_A",0.0154490941887754,1.45931078939212,0.13
"Olsenella_F_sp001189515",0.0102133892767126,0.95964644544966,0.475
"Olsenella_I_phocaeensis",0.00799448695061785,0.749478986383868,0.52
"Olsenella_uli",0.0403200596352787,3.90730845604196,0.01
"Oribacterium_asaccharolyticum",0.0071353980681837,0.668361042432103,0.615
"Oribacterium_parvum",0.0096609650564798,0.907234511163,0.53
"Oribacterium_sinus",0.00951534108426948,0.893427992923968,0.325
"Oribacterium_sp000160135",0.010669456668411,1.00296051390546,0.37
"Oribacterium_sp015258095",0.00619956399164683,0.580156166502537,0.705
"Oribacterium_sp916438775",0.00770005585978674,0.721662032925581,0.76
"Oribacterium_sp916439225",0.00869289987002214,0.815528999848844,0.315
"Ottowia_sp001262075",0.0166340070224455,1.57313011039089,0.1
"PUIC01_sp017418605",0.00293753859219082,0.273995962788542,0.955
"Parascardovia_denticolens",0.00581954515903513,0.544385777405816,0.815
"Parvimonas_micra",0.00935684372911602,0.878405570461382,0.52
"Parvimonas_sp000214475",0.0086833542519103,0.81462562834123,0.49
"Parvimonas_sp000223315",0.00932201473533212,0.875105113145595,0.4
"Parvimonas_sp015257355",0.00695729841975137,0.651561863359197,0.63
"Pauljensenia_bouchesdurhonensis",0.00745492107526886,0.69851503445173,0.595
"Pauljensenia_cardiffensis",0.00629870349440718,0.589492463217865,0.845
"Pauljensenia_hongkongensis",0.00682962471988278,0.639522799670658,0.74
"Pauljensenia_marseillensis",0.00893439835077558,0.838389552860513,0.615
"Pauljensenia_odontolytica",0.00611498495593162,0.572192549735167,0.835
"Pauljensenia_odontolytica_A",0.00947751482242555,0.88984237276306,0.315
"Pauljensenia_odontolytica_B",0.0181970543262416,1.72369217244416,0.115
"Pauljensenia_odontolytica_C",0.0118869171270431,1.11878216367786,0.26
"Pauljensenia_pyogenes_A",0.00716823388662285,0.671458926083351,0.625
"Pauljensenia_sp000185285",0.010925505373859,1.02729572472997,0.36
"Pauljensenia_sp000278725",0.00547565933174351,0.512040074866314,0.865
"Pauljensenia_sp000308055",0.00796382709758648,0.74658156658608,0.515
"Pauljensenia_sp000411415",0.00336369415262858,0.313879350329793,0.83
"Pauljensenia_sp000466265",0.0113613837164831,1.06875117786206,0.36
"Pauljensenia_sp000758755",0.00866174925443473,0.812581054001092,0.61
"Pauljensenia_sp001064145",0.0173974024918967,1.64660508312268,0.155
"Pauljensenia_sp001072465",0.00921318321726041,0.86479354053931,0.43
"Pauljensenia_sp001838165",0.00454790366596068,0.424887387843135,0.865
"Pauljensenia_sp018375675",0.0143630337026471,1.35522730987263,0.175
"Pauljensenia_sp018382595",0.0067989853359606,0.636634102169358,0.685
"Pauljensenia_sp019425105",0.00792180572529857,0.742610750548127,0.6
"Pauljensenia_sp900541895",0.0112468363195622,1.05785328041422,0.33
"Pauljensenia_sp900554605",0.00707427386505424,0.662594846858294,0.67
"Pauljensenia_sp902373435",0.00841297854347766,0.789045225091955,0.68
"Pauljensenia_sp902373545",0.00815715790921336,0.764854726337183,0.67
"Pauljensenia_sp916438365",0.020141342948664,1.91164805326368,0.09
"Pauljensenia_sp916438945",0.00513908410768254,0.480403656812474,0.935
"Pauljensenia_sp916439125",0.00774492309432305,0.725899886567688,0.67
"Pauljensenia_sp916719935",0.0093379451427562,0.876614678051305,0.45
"Peptidiphaga_gingivicola",0.0101656754254371,0.955117226281273,0.365
"Peptidiphaga_sp000466165",0.00477773572672607,0.446462502434047,0.785
"Peptidiphaga_sp905373325",0.00946406497945804,0.888567503683089,0.45
"Peptoanaerobacter_margaretiae",0.0119068023271996,1.12067628745709,0.32
"Peptoanaerobacter_stomatis",0.0131341544842831,1.23773294271828,0.255
"Peptoanaerobacter_yurii",0.00769347745832403,0.721040714104633,0.695
"Peptostreptococcus_sp900759325",0.0084424174189187,0.791829777465532,0.505
"Peptostreptococcus_stomatis",0.0184907685581381,1.75203800516542,0.115
"Phocaeicola_abscessus",0.00575840095903559,0.538632953707508,0.725
"Porphyromonas_catoniae",0.0117211882484788,1.10299896562247,0.345
"Porphyromonas_endodontalis",0.0146812733600549,1.38570229669859,0.175
"Porphyromonas_gingivalis",0.01368744064069,1.2905969487107,0.225
"Porphyromonas_pasteri",0.0107388815746502,1.00955750493072,0.285
"Porphyromonas_sp000467855",0.00946473181456936,0.888630710108316,0.475
"Porphyromonas_sp003640335",0.0070081367522323,0.656356554449409,0.715
"Porphyromonas_sp018127745",0.00548072629971197,0.512516508580829,0.815
"Porphyromonas_sp905372525",0.00702572481405147,0.65801544313364,0.705
"Porphyromonas_sp905372565",0.0101493035141885,0.953563229455238,0.47
"Porphyromonas_sp915070105",0.00681494190147145,0.638138473458558,0.81
"Porphyromonas_sp927910985",0.0196939236063234,1.86832963652115,0.11
"Prevotella_amnii",0.0099373137878241,0.933446129359113,0.38
"Prevotella_aurantiaca",0.00799421721029878,0.749453494582497,0.635
"Prevotella_baroniae",0.0113833287672954,1.07083929106561,0.325
"Prevotella_bivia",0.00352375048910298,0.328867643004465,0.84
"Prevotella_buccae",0.0156760947434164,1.48109459025858,0.15
"Prevotella_conceptionensis",0.00832925777032166,0.781127182292635,0.59
"Prevotella_denticola",0.00550488104205891,0.514787782415582,0.735
"Prevotella_disiens",0.0068568149610807,0.642086459421775,0.765
"Prevotella_enoeca",0.00623983425579955,0.58394832656105,0.71
"Prevotella_histicola",0.00863611724904669,0.810155502067155,0.6
"Prevotella_illustrans",0.0152577153992133,1.44095318573842,0.15
"Prevotella_intermedia",0.0115641496165749,1.08804826729451,0.355
"Prevotella_jejuni",0.0107596396081692,1.0115301837901,0.39
"Prevotella_koreensis",0.00812679405702725,0.76198433708571,0.645
"Prevotella_loescheii",0.00766463251409445,0.718316455470795,0.42
"Prevotella_maculosa",0.00988848188662344,0.928813369637696,0.39
"Prevotella_marshii",0.0197216015266461,1.87100822055699,0.095
"Prevotella_melaninogenica",0.00885417286143893,0.830794070425627,0.49
"Prevotella_melaninogenica_A",0.00618881646701692,0.57914414827419,0.76
"Prevotella_melaninogenica_B",0.00712934090530912,0.66778960393321,0.745
"Prevotella_melaninogenica_C",0.00856382768624247,0.803315429738531,0.545
"Prevotella_micans",0.0165443352158662,1.5645069017049,0.13
"Prevotella_multiformis",0.00677758448586767,0.634616524295232,0.655
"Prevotella_multisaccharivorax",0.0100957634665246,0.948481648765061,0.42
"Prevotella_nanceiensis",0.00867846942793749,0.814163348527731,0.56
"Prevotella_nigrescens",0.00593170068386992,0.554939900990112,0.77
"Prevotella_oralis",0.00492829303596406,0.460601230179709,0.615
"Prevotella_oris",0.00575012026306516,0.537853909126497,0.88
"Prevotella_oulorum",0.0150426720077791,1.42033411698675,0.12
"Prevotella_pallens",0.0169923347861211,1.60760408187197,0.1
"Prevotella_pleuritidis",0.00497452077634858,0.464943302317621,0.92
"Prevotella_saccharolytica",0.0151787497581549,1.43338065376001,0.16
"Prevotella_salivae",0.010944327884167,1.02908513840294,0.395
"Prevotella_scopos",0.00989415295192256,0.929351369120959,0.32
"Prevotella_seregens",0.00928969671772575,0.87204280795931,0.465
"Prevotella_shahii",0.0089077609084788,0.835867472081,0.59
"Prevotella_sp000163055",0.0108590683182421,1.0209802478596,0.33
"Prevotella_sp000467895",0.00794674275752649,0.744967138663735,0.61
"Prevotella_sp000599605",0.0144488140962368,1.3634397991392,0.225
"Prevotella_sp003043945",0.00908441779176127,0.852596194673881,0.515
"Prevotella_sp013333285",0.00987953767384224,0.927964867536154,0.43
"Prevotella_sp013333935",0.00687422244317013,0.643727815410812,0.625
"Prevotella_sp015256945",0.0132622912534283,1.24997056019637,0.235
"Prevotella_sp018127805",0.00772550022045041,0.72406528703651,0.715
"Prevotella_sp905372445",0.00944823117592501,0.887066710712303,0.56
"Prevotella_sp916439115",0.00508737232859062,0.47554490052687,0.725
"Prevotella_sp927910885",0.00511676408972639,0.478306441568658,0.935
"Prevotella_timonensis",0.00475226324808351,0.444070823525955,0.78
"Prevotella_veroralis",0.00754587246106404,0.707101839174349,0.645
"Prevotella_vespertina",0.0114475390689759,1.07694955552697,0.315
"Propionibacterium_acidifaciens",0.0061482244691437,0.575322084950697,0.86
"Pseudoleptotrichia_goodfellowii",0.0137523580728302,1.29680340555649,0.21
"Pseudoramibacter_alactolyticus",0.00556132712549982,0.520095845806627,0.885
"Pyramidobacter_piscolens",0.00368212216020314,0.3437029170262,0.96
"Rodentibacter_sp901420285",0.0230136927078551,2.19068927154424,0.145
"Rothia_aeria",0.00225271357009771,0.209975376398887,0.975
"Rothia_dentocariosa",0.0087433553046372,0.820304254889666,0.545
"Rothia_mucilaginosa",0.0134496592415061,1.26787073886001,0.205
"Rothia_mucilaginosa_A",0.00652579400628466,0.610885354569852,0.71
"Rothia_mucilaginosa_B",0.00974817906833589,0.915505161608584,0.5
"Rothia_sp001808955",0.00901756546614628,0.84626483692023,0.54
"Rothia_sp015265375",0.0110141594034193,1.0357244588053,0.365
"Rothia_sp024294905",0.0175153303492486,1.65796553656064,0.075
"Rothia_sp902373285",0.00964082969641913,0.905325248305763,0.555
"SDRK01_sp007845205",0.0116142886221723,1.09282118248786,0.33
"SDRW01_sp007845485",0.00624281170062982,0.584228718035369,0.775
"SDRW01_sp013333595",0.00605604159711049,0.566643485047455,0.895
"SDRW01_sp916438855",0.00518788810159759,0.484989665563953,0.925
"Saccharimonas_sp010202265",0.00728756468134202,0.682718873313251,0.645
"Saccharimonas_sp013333625",0.00980769646764964,0.921150132391043,0.45
"Saccharimonas_sp013333645",0.0107712881144845,1.01263720170203,0.345
"Saccharimonas_sp013333675",0.0115917356690391,1.09067422453245,0.23
"Saccharimonas_sp013333795",0.0157916270314704,1.49218534841067,0.175
"Saccharimonas_sp013333845",0.00548918217099693,0.513311602800975,0.55
"Saccharimonas_sp015257605",0.00969315671566081,0.910287130367355,0.365
"Saccharimonas_sp015257665",0.00799339312923414,0.749375614910214,0.475
"Saccharimonas_sp018127705",0.00689899175699633,0.646063419607024,0.74
"Saccharimonas_sp905365145",0.0121848157469805,1.14716586921681,0.25
"Saccharimonas_sp905371595",0.0083324978923448,0.781433597794698,0.5
"Saccharimonas_sp905371715",0.0162134047523469,1.53269687679439,0.13
"Saccharimonas_sp905372095",0.010169844447937,0.955512951745385,0.445
"Saccharimonas_sp905372275",0.0103089606152796,0.96871983181442,0.355
"Saccharimonas_sp905373345",0.010334462464026,0.971141231761321,0.375
"Saccharimonas_sp905373835",0.0137668736208397,1.2981912820538,0.225
"Saccharimonas_sp927910745",0.0080272469069188,0.752575068232139,0.535
"Scardovia_wiggsiae",0.00546685447950197,0.511212189240408,0.885
"Selenomonas_sp905372355",0.0150706711510243,1.42301825724206,0.13
"Selenomonas_sp905373085",0.00814495728131448,0.763701341968261,0.505
"Selenomonas_sp916438625",0.00726807497102426,0.680879656696371,0.7
"Selenomonas_sputigena",0.00945098101049523,0.887327347891068,0.495
"Shuttleworthia_satelles",0.00461378326977908,0.431070710923606,0.69
"Simonsiella_muelleri",0.0047523142433664,0.444075611486675,0.955
"Slackia_exigua",0.00608754669777743,0.569609366511431,0.82
"Staphylococcus_aureus",0.00565406218676435,0.528817751823359,0.765
"Stomatobaculum_longum",0.00651234339637288,0.609617977472582,0.8
"Stomatobaculum_longum_A",0.0070323558618386,0.658640892290738,0.8
"Stomatobaculum_sp916439095",0.00875276565746955,0.821194932951898,0.375
"Streptococcus_agalactiae",0.00636979407679715,0.596188446779083,0.65
"Streptococcus_anginosus",0.0210482465489309,1.99957446539107,0.055
"Streptococcus_anginosus_C",0.0115174682029905,1.08360492818307,0.335
"Streptococcus_australis",0.00702899656031715,0.65832403750469,0.595
"Streptococcus_australis_A",0.00765089079467252,0.717018675488448,0.665
"Streptococcus_australis_B",0.00708342689172054,0.663458259003369,0.775
"Streptococcus_australis_C",0.00864750422107428,0.811233033642608,0.61
"Streptococcus_australis_D",0.00852878450298365,0.799999986262703,0.585
"Streptococcus_chosunense",0.00918695497562243,0.862308804898572,0.445
"Streptococcus_constellatus",0.00843507704021821,0.7911354532376,0.525
"Streptococcus_cristatus",0.00943884620042372,0.886177186812049,0.37
"Streptococcus_cristatus_A",0.00701492129023884,0.656996458436107,0.65
"Streptococcus_cristatus_B",0.00694221006370338,0.65013893699563,0.71
"Streptococcus_cristatus_C",0.00819926674212097,0.768835695969367,0.6
"Streptococcus_cristatus_D",0.0173097720806147,1.63816506744507,0.1
"Streptococcus_cristatus_E",0.00769716200107794,0.721388711881348,0.65
"Streptococcus_cristatus_F",0.01134412241253,1.06710879718808,0.25
"Streptococcus_cristatus_G",0.0111120231734824,1.0450305589216,0.35
"Streptococcus_dentisani",0.0100409213243158,0.94327705384607,0.43
"Streptococcus_downii",0.0107218919026332,1.00794300286563,0.27
"Streptococcus_gordonii",0.00831181628311135,0.779477790520931,0.655
"Streptococcus_gwangjuense",0.00632843474285659,0.592292716893191,0.575
"Streptococcus_halitosis",0.00652074602551429,0.610409707043972,0.65
"Streptococcus_ilei",0.00592592825625554,0.554396642561091,0.85
"Streptococcus_infantis",0.009963718873737,0.935951412006249,0.465
"Streptococcus_infantis_B",0.00614666069340043,0.575174849123178,0.835
"Streptococcus_infantis_C",0.0120268381619407,1.13211167293208,0.345
"Streptococcus_infantis_E",0.0170227891610516,1.61053519300477,0.1
"Streptococcus_infantis_F",0.00753228800384377,0.705819217985989,0.68
"Streptococcus_infantis_G",0.00593950145077866,0.555674061818748,0.905
"Streptococcus_infantis_H",0.00592597161341785,0.554400722994786,0.805
"Streptococcus_infantis_I",0.0104297077202878,0.980185870123713,0.48
"Streptococcus_infantis_J",0.0119097918673799,1.12096105654118,0.245
"Streptococcus_infantis_K",0.00428214047953053,0.399951714020805,0.715
"Streptococcus_infantis_L",0.0156478060238861,1.47837935357588,0.115
"Streptococcus_intermedius",0.00896032342874393,0.840844315896842,0.565
"Streptococcus_lactarius",0.00987009811862975,0.927069390883364,0.475
"Streptococcus_mitis",0.006624090967256,0.620148379232037,0.855
"Streptococcus_mitis_A",0.00502979355167738,0.470135484735534,0.915
"Streptococcus_mitis_AC",0.00297392579398326,0.277400066052128,0.99
"Streptococcus_mitis_AD",0.0128631420060771,1.21186054079295,0.255
"Streptococcus_mitis_AF",0.00859483825765486,0.806249542373914,0.57
"Streptococcus_mitis_AH",0.00838101414192819,0.786021976500236,0.6
"Streptococcus_mitis_AI",0.00627102541311654,0.586885738802464,0.67
"Streptococcus_mitis_AK",0.00691863355877737,0.647915611660384,0.82
"Streptococcus_mitis_AP",0.00628346184870747,0.588056985563449,0.505
"Streptococcus_mitis_AQ",0.00985021461110059,0.925183212025393,0.345
"Streptococcus_mitis_AR",0.00612200300941023,0.572853289437036,0.745
"Streptococcus_mitis_AT",0.00841075972290914,0.788835358895152,0.5
"Streptococcus_mitis_AV",0.00414884228066748,0.387449800214843,0.8
"Streptococcus_mitis_AW",0.0338518428505515,3.25852858260362,0.045
"Streptococcus_mitis_AX",0.00799541886147824,0.749567056700563,0.5
"Streptococcus_mitis_AY",0.00969248045683179,0.910223001135218,0.425
"Streptococcus_mitis_AZ",0.0126704000840588,1.19346893673378,0.24
"Streptococcus_mitis_BA",0.0121938576564511,1.14802764777256,0.285
"Streptococcus_mitis_BB",0.0161938184153941,1.53081485034574,0.085
"Streptococcus_mitis_BC",0.00902845519719577,0.847296108291676,0.43
"Streptococcus_mitis_BD",0.00441389525663133,0.412312161560879,0.74
"Streptococcus_mitis_BE",0.00701976851854565,0.657453644621663,0.645
"Streptococcus_mitis_BF",0.0089819757214519,0.84289460093638,0.445
"Streptococcus_mitis_BG",0.00624788175989,0.584706178738807,0.895
"Streptococcus_mitis_BH",0.00620764307661464,0.580916931090534,0.7
"Streptococcus_mitis_BI",0.00926500974316062,0.869703719549224,0.44
"Streptococcus_mitis_BJ",0.0137894218546671,1.30034726954131,0.19
"Streptococcus_mitis_BK",0.00754028663901484,0.70657443117121,0.625
"Streptococcus_mitis_BL",0.00622546581958782,0.5825952480249,0.69
"Streptococcus_mitis_BM",0.00521931111006631,0.487942657770946,0.83
"Streptococcus_mitis_BN",0.0120941176141783,1.1385223614645,0.275
"Streptococcus_mitis_BO",0.0114520603142017,1.07737982799223,0.27
"Streptococcus_mitis_BP",0.00640547333857489,0.599549418301553,0.82
"Streptococcus_mitis_BQ",0.00867834272093652,0.814151357554671,0.505
"Streptococcus_mitis_BR",0.00690331976676635,0.646471538056588,0.41
"Streptococcus_mitis_BS",0.00401641994681736,0.375033346467488,0.945
"Streptococcus_mitis_BT",0.00601112601609838,0.562415469759275,0.7
"Streptococcus_mitis_BU",0.00660467489299204,0.618318558104845,0.775
"Streptococcus_mitis_BV",0.00975632584345971,0.916277808302685,0.4
"Streptococcus_mitis_BW",0.0108142611062129,1.01672137328073,0.27
"Streptococcus_mitis_C",0.0231481481263215,2.20379146706709,0.05
"Streptococcus_mitis_D",0.00645315700941654,0.604041577012415,0.585
"Streptococcus_mitis_E",0.010461715240141,0.983225745095069,0.295
"Streptococcus_mitis_F",0.00692915466158891,0.64890776579809,0.755
"Streptococcus_mitis_H",0.00964310371948172,0.905540870447758,0.305
"Streptococcus_mitis_I",0.00777885752419241,0.729105356437749,0.625
"Streptococcus_mitis_J",0.00618071230850382,0.578381051575332,0.735
"Streptococcus_mitis_K",0.00473374753519839,0.442332410732493,0.915
"Streptococcus_mitis_L",0.0190013354149511,1.80135229270463,0.19
"Streptococcus_mitis_M",0.0117978937485337,1.11030335967978,0.255
"Streptococcus_mitis_N",0.0158087968437627,1.49383382187835,0.21
"Streptococcus_mitis_O",0.0152558060294464,1.44077006945109,0.19
"Streptococcus_mitis_P",0.00840683778890271,0.788464406737719,0.4
"Streptococcus_mitis_Q",0.006111671411104,0.571880587469675,0.84
"Streptococcus_mitis_W",0.00528891478316233,0.494484360478273,0.87
"Streptococcus_mitis_Y",0.00950545965207393,0.892491287566668,0.45
"Streptococcus_mutans",0.00791158118161498,0.741644631601013,0.57
"Streptococcus_oralis",0.0108079567094762,1.01612217849803,0.375
"Streptococcus_oralis_AA",0.0164465542933268,1.55510567926529,0.135
"Streptococcus_oralis_AB",0.00438682427578905,0.409772256530876,0.93
"Streptococcus_oralis_AC",0.00524815867023929,0.490653785249396,0.73
"Streptococcus_oralis_AD",0.00583500943246253,0.545840863807959,0.66
"Streptococcus_oralis_B",0.0151580978256882,1.43140040515812,0.16
"Streptococcus_oralis_BA",0.0108905986765739,1.02397740388092,0.32
"Streptococcus_oralis_BC",0.013859264633547,1.30702603056035,0.17
"Streptococcus_oralis_BD",0.00550343568644564,0.514651872319664,0.78
"Streptococcus_oralis_BE",0.00597002432612588,0.558546800314866,0.685
"Streptococcus_oralis_BF",0.0109755931793235,1.03205761014365,0.39
"Streptococcus_oralis_BG",0.01768929235501,1.67472895919045,0.07
"Streptococcus_oralis_BH",0.00981548520024134,0.921888910580514,0.33
"Streptococcus_oralis_BI",0.00812207409295725,0.7615381600052,0.535
"Streptococcus_oralis_BJ",0.00617351422024311,0.577703281908553,0.56
"Streptococcus_oralis_BL",0.0114533560127887,1.07750313621329,0.26
"Streptococcus_oralis_BM",0.0168221234024091,1.5912252641791,0.09
"Streptococcus_oralis_BN",0.0103676602480736,0.97429354755377,0.28
"Streptococcus_oralis_BO",0.0176700799087038,1.67287730720523,0.09
"Streptococcus_oralis_BP",0.00755952802475713,0.708391209503143,0.47
"Streptococcus_oralis_BQ",0.00349110176331607,0.325809899503056,0.985
"Streptococcus_oralis_BR",0.00699411066671675,0.655033669982944,0.71
"Streptococcus_oralis_BS",0.0116991240626825,1.10089808106016,0.315
"Streptococcus_oralis_BT",0.0425859469403966,4.13665649966214,0.005
"Streptococcus_oralis_BU",0.00444278095790062,0.41502248306964,0.965
"Streptococcus_oralis_C",0.0123832335670874,1.16608056979292,0.285
"Streptococcus_oralis_D",0.0164594754118364,1.55634788301351,0.125
"Streptococcus_oralis_E",0.027603065655622,2.63995598433644,0.075
"Streptococcus_oralis_F",0.00595879903753741,0.557490283053072,0.805
"Streptococcus_oralis_G",0.0145222969760146,1.37047607939283,0.14
"Streptococcus_oralis_H",0.00672653994183906,0.629804620526559,0.76
"Streptococcus_oralis_I",0.00614165425177013,0.574703475458177,0.865
"Streptococcus_oralis_J",0.00932856757244187,0.875726053905903,0.45
"Streptococcus_oralis_K",0.00569336522210035,0.532514766708365,0.865
"Streptococcus_oralis_L",0.0112598756926987,1.05909370286213,0.29
"Streptococcus_oralis_M",0.00814583458679393,0.76378427695188,0.625
"Streptococcus_oralis_N",0.0147668936951187,1.39390475701399,0.165
"Streptococcus_oralis_O",0.00836477335767006,0.784485969601302,0.61
"Streptococcus_oralis_R",0.0102155758407302,0.959854014670803,0.305
"Streptococcus_oralis_S",0.00866365727696828,0.812761614836872,0.6
"Streptococcus_oralis_T",0.0244880092260913,2.33455342380749,0.03
"Streptococcus_oralis_U",0.0327506500863807,3.14894029993963,0.045
"Streptococcus_oralis_V",0.0121753027576396,1.14625920937334,0.305
"Streptococcus_oralis_W",0.0104334362043063,0.980539968204516,0.315
"Streptococcus_oralis_X",0.00823016325578416,0.771756867803725,0.43
"Streptococcus_oralis_Y",0.0116724491137386,1.09835829893061,0.3
"Streptococcus_oralis_Z",0.00437040981140096,0.408232254711611,0.885
"Streptococcus_parasanguinis",0.00504543227571509,0.471604650968879,0.95
"Streptococcus_parasanguinis_A",0.00772208243315301,0.723742465260344,0.615
"Streptococcus_parasanguinis_B",0.00519519727259026,0.485676531743972,0.945
"Streptococcus_parasanguinis_C",0.0091917872201524,0.862766578282404,0.51
"Streptococcus_parasanguinis_D",0.005508298291487,0.51510911577062,0.875
"Streptococcus_parasanguinis_E",0.00820892633518236,0.769748961695098,0.58
"Streptococcus_parasanguinis_F",0.00834418945305565,0.782539275100067,0.56
"Streptococcus_parasanguinis_G",0.029476633583622,2.82458621619704,0.02
"Streptococcus_parasanguinis_I",0.0107404439058532,1.00970597361537,0.35
"Streptococcus_parasanguinis_J",0.00461553705734515,0.431235328974417,0.935
"Streptococcus_parasanguinis_K",0.00661541674204771,0.619330888942012,0.805
"Streptococcus_parasanguinis_L",0.00397287794726383,0.370951393707102,0.955
"Streptococcus_parasanguinis_M",0.00721467476428522,0.675840724095332,0.74
"Streptococcus_parasanguinis_N",0.00937929070929429,0.880532809160557,0.285
"Streptococcus_parasanguinis_O",0.00650964438671771,0.609363668750499,0.785
"Streptococcus_parasanguinis_P",0.00458450583234641,0.42832269027993,0.975
"Streptococcus_peroris",0.00907104512720126,0.85132964647098,0.53
"Streptococcus_pneumoniae",0.0283048394763613,2.70902869361112,0.025
"Streptococcus_pneumoniae_A",0.00378893004517418,0.353710679220998,0.98
"Streptococcus_pneumoniae_B",0.0079860932438294,0.74868574585284,0.58
"Streptococcus_pneumoniae_C",0.00678773523538058,0.635573481404799,0.665
"Streptococcus_pneumoniae_E",0.0287524091675516,2.75313326676101,0.045
"Streptococcus_pseudopneumoniae",0.0062687774675697,0.586674033445655,0.71
"Streptococcus_pseudopneumoniae_A",0.00827687554362138,0.776173718827756,0.645
"Streptococcus_pseudopneumoniae_C",0.038411435821379,3.71496049814157,0.06
"Streptococcus_pseudopneumoniae_D",0.00499221802409938,0.466605673494609,0.915
"Streptococcus_pseudopneumoniae_E",0.00619924179482043,0.580125827192487,0.875
"Streptococcus_pseudopneumoniae_G",0.00730133011116604,0.684017941128581,0.675
"Streptococcus_pseudopneumoniae_H",0.00446293917151857,0.416914004794378,0.945
"Streptococcus_pseudopneumoniae_J",0.00724103725096955,0.678328264572322,0.795
"Streptococcus_pseudopneumoniae_L",0.00470035028070063,0.439196955638879,0.96
"Streptococcus_pseudopneumoniae_M",0.0110126493452701,1.03558087819029,0.36
"Streptococcus_pseudopneumoniae_N",0.00661293830436004,0.61909731465167,0.825
"Streptococcus_pseudopneumoniae_P",0.0143573639118203,1.35468454276549,0.14
"Streptococcus_rubneri",0.00960287038663064,0.901726104865919,0.38
"Streptococcus_salivarius",0.00857943777593893,0.804792379303101,0.545
"Streptococcus_sanguinis",0.0088319292370434,0.828688335786264,0.51
"Streptococcus_sanguinis_A",0.00526365597237644,0.49211030477581,0.83
"Streptococcus_sanguinis_C",0.0133995306095227,1.26308103973992,0.18
"Streptococcus_sanguinis_D",0.00814964667172676,0.764144649369037,0.665
"Streptococcus_sanguinis_E",0.00972411230245776,0.913222724458361,0.405
"Streptococcus_sanguinis_F",0.00542923638067574,0.507675272461662,0.785
"Streptococcus_sanguinis_G",0.00482266468680758,0.450681300666836,0.91
"Streptococcus_sanguinis_H",0.00502512039033156,0.469696477647931,0.89
"Streptococcus_sanguinis_I",0.00594265762816213,0.55597110534932,0.765
"Streptococcus_sanguinis_J",0.00814575161455037,0.76377643326763,0.66
"Streptococcus_shenyangsis",0.0240719827793246,2.29391344338358,0.06
"Streptococcus_sinensis",0.0097986337251982,0.920290526230738,0.465
"Streptococcus_sobrinus",0.0136168358279559,1.28384767501873,0.205
"Streptococcus_sp000187445",0.0098694183335711,0.927004904219123,0.48
"Streptococcus_sp000187745",0.00676284993685783,0.633227466459339,0.65
"Streptococcus_sp000220065",0.00687462492534997,0.643765766240229,0.65
"Streptococcus_sp000235485",0.00658084249627346,0.61607262909175,0.585
"Streptococcus_sp000259505",0.00610803810341054,0.571538522691345,0.745
"Streptococcus_sp000314795",0.0100530223167908,0.94442540513592,0.455
"Streptococcus_sp000411475",0.0253305841602591,2.41696752624014,0.045
"Streptococcus_sp000448565",0.00487389050762212,0.455491834537509,0.855
"Streptococcus_sp000831085",0.0152181275689028,1.43715669787269,0.18
"Streptococcus_sp001553685",0.00690245874920154,0.646390346377496,0.795
"Streptococcus_sp001556435",0.00783548322368531,0.734454747656553,0.57
"Streptococcus_sp001650315",0.0127300750183846,1.19916240407284,0.205
"Streptococcus_sp001808705",0.0087367135694029,0.819675633181394,0.61
"Streptococcus_sp001810785",0.0207616285239397,1.97176857950935,0.085
"Streptococcus_sp001811505",0.00507131338502497,0.474036130581325,0.93
"Streptococcus_sp001813295",0.00562999133985067,0.52655368730561,0.75
"Streptococcus_sp001814775",0.00804116801008901,0.75389078742119,0.7
"Streptococcus_sp002355895",0.00701787314221443,0.657274873910612,0.76
"Streptococcus_sp003428885",0.00670439014358467,0.627716741286619,0.745
"Streptococcus_sp004166885",0.0107350442534474,1.00919284542653,0.4
"Streptococcus_sp007859205",0.00309176116884043,0.288425531560742,0.955
"Streptococcus_sp008727815",0.0064100246994298,0.599978171948279,0.795
"Streptococcus_sp012843315",0.0176292380765959,1.66894130472019,0.06
"Streptococcus_sp013276505",0.00951793074876058,0.893673481947918,0.43
"Streptococcus_sp013276795",0.014287490912659,1.34799613744128,0.155
"Streptococcus_sp013277415",0.00327926124325394,0.305974666487847,0.94
"Streptococcus_sp013277515",0.00574183256256277,0.537074218554949,0.86
"Streptococcus_sp013394695",0.0144416169531984,1.36275070026335,0.17
"Streptococcus_sp015256435",0.00705727193622753,0.660991083895634,0.69
"Streptococcus_sp019414905",0.016676684160672,1.57723467140477,0.09
"Streptococcus_sp019414935",0.00591989412175766,0.55382876094987,0.605
"Streptococcus_sp019448285",0.00610947283666747,0.571673598129285,0.86
"Streptococcus_sp020089495",0.00770250741948166,0.721893580673004,0.43
"Streptococcus_sp023115445",0.00757441561881942,0.709796949651839,0.745
"Streptococcus_sp024295625",0.00942343641660189,0.88471665791656,0.375
"Streptococcus_sp024295825",0.021400340658597,2.0337547251845,0.095
"Streptococcus_sp900104285",0.0199100118991333,1.88924601730431,0.12
"Streptococcus_sp900550895",0.00982321678335056,0.922622279512401,0.305
"Streptococcus_sp900555155",0.0145112983837749,1.36942285332929,0.155
"Streptococcus_sp900766505",0.00537379184832031,0.502462772243355,0.76
"Streptococcus_sp901875575",0.00463702302935336,0.43325214188932,0.88
"Streptococcus_sp902363395",0.0121784498540859,1.14655914953737,0.24
"Streptococcus_sp902460355",0.0113892657610397,1.07140422321236,0.295
"Streptococcus_sp902461025",0.0162137749223922,1.53273244668934,0.065
"Streptococcus_sp902836505",0.011634673335995,1.09476181636162,0.335
"Streptococcus_sp903645285",0.00583238825893678,0.545594225435695,0.8
"Streptococcus_sp905221065",0.00972920701793754,0.913705886390392,0.415
"Streptococcus_sp905221085",0.00706851208896388,0.662051342189422,0.72
"Streptococcus_sp905221095",0.00765214742558874,0.717137351316423,0.405
"Streptococcus_sp905221105",0.00740317874443066,0.693630695251623,0.38
"Streptococcus_sp905221115",0.00770973052959144,0.722575803987954,0.59
"Streptococcus_sp905221125",0.00856297541956288,0.803234793814923,0.37
"Streptococcus_sp905221145",0.0538247901704325,5.29046357783131,0.005
"Streptococcus_sp905221155",0.0065516492579615,0.613321649319073,0.78
"Streptococcus_sp905221165",0.0094574616678567,0.887941608839569,0.45
"Streptococcus_sp905221195",0.0093324674625919,0.876095607774724,0.335
"Streptococcus_sp905221205",0.0205443758902535,1.95070293208046,0.12
"Streptococcus_sp905221215",0.00827884366471822,0.776359822416146,0.61
"Streptococcus_sp905221225",0.0100624315229607,0.945318332624786,0.35
"Streptococcus_sp905221235",0.0144227062537182,1.36094012119265,0.18
"Streptococcus_sp905221245",0.00813593094735305,0.762848057220704,0.52
"Streptococcus_sp905221255",0.0148857993302169,1.40529832659902,0.185
"Streptococcus_sp905221295",0.0111226835461121,1.04604439051936,0.385
"Streptococcus_sp905221305",0.00327972635754809,0.306018207232121,0.99
"Streptococcus_sp905221325",0.0155136219278398,1.46550208456348,0.13
"Streptococcus_sp905221335",0.0100226062326434,0.941539054835108,0.375
"Streptococcus_sp905221345",0.00644742099186979,0.60350117841019,0.805
"Streptococcus_sp905221355",0.00506969066447943,0.473883675442025,0.775
"Streptococcus_sp905221365",0.0122276978152399,1.15125307148429,0.27
"Streptococcus_sp905221375",0.0106624147607447,1.00229141957591,0.31
"Streptococcus_sp905221385",0.00803631480073013,0.753432093955905,0.605
"Streptococcus_sp905221415",0.00727199603034978,0.681249675760336,0.715
"Streptococcus_sp905221435",0.0158315546485572,1.49601888708193,0.065
"Streptococcus_sp905221455",0.00646386663368601,0.60505056307918,0.755
"Streptococcus_sp905221505",0.00577905366274176,0.540576008396297,0.66
"Streptococcus_sp905371745",0.00801185547188998,0.751120427190402,0.655
"Streptococcus_sp905372115",0.0093381250631234,0.876631727576891,0.475
"Streptococcus_sp905372925",0.00999369870600009,0.938796024270963,0.285
"Streptococcus_sp905373305",0.0303521921978673,2.91111252115333,0.07
"Streptococcus_sp915063165",0.00844469168780079,0.792044901965466,0.6
"Streptococcus_sp915066115",0.0146493720897647,1.38264650750518,0.185
"Streptococcus_sp916048145",0.00454964490868753,0.425050806746789,0.965
"Streptococcus_sp916439135",0.00822618154276652,0.771380398675321,0.61
"Streptococcus_sp916439305",0.00691281022093302,0.647366472111875,0.745
"Streptococcus_sp927910965",0.0527547616266693,5.17943256141933,0.01
"Streptococcus_sp934201655",0.00680654570963112,0.637346881678732,0.78
"Streptococcus_sp934216185",0.00506162799048434,0.47312619189095,0.92
"Streptococcus_sp943736975",0.00462994150688493,0.432587414566355,0.945
"Streptococcus_sp943912555",0.00671025899060296,0.628269940140428,0.69
"Streptococcus_sp943914425",0.0142011424630676,1.33973197368593,0.195
"Streptococcus_symci",0.00482861583728673,0.451240138145133,0.95
"Streptococcus_thermophilus",0.0147969960604564,1.39678891367539,0.165
"Streptococcus_timonensis",0.00822992878552189,0.771734698664864,0.61
"Streptococcus_toyakuensis",0.00700317164543143,0.655888261097814,0.625
"Streptococcus_vestibularis",0.0165179664285903,1.56197147016551,0.13
"Streptococcus_vulneris",0.0133656843128248,1.25984736323201,0.25
"Streptococcus_xiaochunlingii",0.00587306683427453,0.549422007759323,0.88
"Tannerella_forsythia",0.00835336481538157,0.783407012404025,0.44
"Tannerella_serpentiformis",0.0179328327081037,1.69820710578541,0.155
"Tannerella_sp002890585",0.0104723275881321,0.984233683250561,0.425
"Tractidigestivibacter_sp022648325",0.00430562061976161,0.402154241231199,0.935
"Treponema_B_denticola",0.00746041956862394,0.699034107617633,0.4
"Treponema_B_denticola_A",0.01003541413705,0.94275444604122,0.3
"Treponema_B_denticola_B",0.00535670031505454,0.500856065142016,0.565
"Treponema_B_denticola_C",0.0136827233303504,1.29014598022578,0.26
"Treponema_B_putidum",0.00651792837417161,0.610144215089831,0.485
"Treponema_B_sp905372205",0.00311002518003377,0.290134667865804,0.88
"Treponema_B_sp905372345",0.00550564084836331,0.514859228899574,0.545
"Treponema_C_lecithinolyticum",0.0113824254462203,1.07075333652275,0.325
"Treponema_C_maltophilum",0.00541729602893295,0.506552676493578,0.755
"Treponema_C_sp905372025",0.00535821001359126,0.500997983676914,0.615
"Treponema_D_buccale",0.0109710202831083,1.03162284144711,0.345
"Treponema_D_paredis",0.0080806596051641,0.757623440411117,0.66
"Treponema_D_parvum",0.00617933625414534,0.578251481982142,0.645
"Treponema_D_pectinovorum",0.00918360688416551,0.861991632517877,0.545
"Treponema_D_socranskii",0.00586703867559067,0.548854748868828,0.69
"Treponema_D_sp014334325",0.0078628966050055,0.737044690459865,0.5
"Treponema_D_sp014334335",0.0207177457394611,1.96751278335456,0.105
"Treponema_D_sp024696245",0.00713708671747955,0.668520352453458,0.745
"Treponema_D_sp905372235",0.0201666240122813,1.91409690576377,0.08
"Treponema_medium",0.00869642080285721,0.815862215811569,0.375
"Treponema_sp000775995",0.00657999109412449,0.615992396234851,0.665
"Treponema_sp010365865",0.00913707140931541,0.85758344221732,0.365
"Treponema_sp018336815",0.00681827304803052,0.638452537193632,0.505
"Treponema_sp905372265",0.00953809068804379,0.895584601132489,0.5
"Treponema_sp905373565",0.00526160195091007,0.491917254219122,0.59
"Treponema_vincentii",0.0143206300787744,1.35116817696251,0.2
"VGLK01_sp013333495",0.00760833918681157,0.713000292438645,0.64
"VGLK01_sp905372785",0.00732556290936735,0.686304920440862,0.545
"Veillonella_atypica",0.010062791690724,0.9453525126464,0.385
"Veillonella_dispar",0.00918289212905082,0.861923922404616,0.45
"Veillonella_infantium",0.00662302190916883,0.62004762656819,0.85
"Veillonella_nakazawae",0.0105821755682306,0.994668080101193,0.355
"Veillonella_parvula",0.00802576364072411,0.752434883114253,0.555
"Veillonella_parvula_A",0.0243787752218123,2.32387942989248,0.03
"Veillonella_rogosae",0.0143377190251557,1.35280399288558,0.185
"Veillonella_sp002959755",0.00729290245954806,0.683222604551119,0.6
"Veillonella_sp003463825",0.0120622460031865,1.1354853823108,0.24
"Veillonella_sp018367495",0.00974898676919436,0.915581764038806,0.455
"Veillonella_sp019414865",0.00624589721806554,0.584519288679162,0.755
"Veillonella_sp019419725",0.00885120150000053,0.830512775423649,0.535
"Veillonella_sp022737715",0.0224262988514217,2.13349212517863,0.08
"Veillonella_sp900538355",0.00586695633684632,0.548847000715514,0.82
"Veillonella_sp900545205",0.00458937437282918,0.42877964699663,0.71
"Veillonella_sp900549845",0.00678410291665066,0.635231044027042,0.87
"Veillonella_sp900550175",0.00289535216151585,0.27004963982937,0.95
"Veillonella_sp900552445",0.0127578151201758,1.20180926660947,0.27
"Veillonella_sp900552715",0.00444436510500044,0.415171126833744,0.83
"Veillonella_sp900556785",0.00484907522895184,0.453161410060764,0.915
"Veillonella_sp900757715",0.00537810103758266,0.502867870712433,0.935
"Veillonella_sp900765235",0.00615175799455401,0.575654782403275,0.81
"Veillonella_sp900766125",0.0178342295116386,1.68870000810321,0.14
"Veillonella_sp902834965",0.00749765267990388,0.702549168889953,0.71
"Veillonella_sp905209685",0.00687435956948749,0.643740745315163,0.7
"Veillonella_sp905214495",0.00699247961908936,0.654879838498967,0.685
"Veillonella_sp915066865",0.00616522831097988,0.576923095522905,0.835
"Veillonella_sp915069625",0.00918337276304502,0.861969453767492,0.43
"Veillonella_sp934183145",0.0072566116855826,0.679797916262164,0.625
"Veillonella_sp934190855",0.0114922126459594,1.08120116983098,0.27
"Veillonella_sp934202095",0.0175063745480457,1.65710269338319,0.125
"Veillonella_sp934202215",0.00530020977818257,0.495546007163687,0.98
"Veillonella_sp934216375",0.027698443645955,2.64933779262185,0.025
"Veillonella_sp934230905",0.0251883418461213,2.40304449797573,0.06
"Veillonella_tobetsuensis",0.0115591013426475,1.08756773047983,0.325
"W11650_sp002999035",0.00444378600379178,0.415116788527433,0.89
"W5053_sp000467935",0.013888429544332,1.30981522407858,0.15
