"feature","name","saliva_log2FC","saliva_p","saliva_fdr","urine_log2FC","urine_p","urine_fdr","same_dir","n_healthy","n_disease"
"P_Pyrrolidine; CE10; RWRDLPDLKQPQOW-UHFFFAOYSA-N","P_Pyrrolidine",0,NA,NA,0,NA,NA,TRUE,34,61
"P_METHYLGUANIDINE","P_METHYLGUANIDINE",0.337295521140689,0.0855073912104216,0.327412916771529,0,NA,NA,FALSE,34,61
"P_Butylamine","P_Butylamine",0,NA,NA,0.0954933614848272,0.537110462136305,0.816266557588727,FALSE,34,61
"P_Trimethylamine N-oxide","P_Trimethylamine N-oxide",-0.0236045601804982,0.794807385772766,0.932130127817275,0,NA,NA,FALSE,34,61
"P_Pyridine","P_Pyridine",0.0170515538234319,0.532002705018567,0.778879777282084,-0.562243039646901,0.568238213641555,0.844175451995391,FALSE,34,61
"P_3-Methylpyrazole","P_3-Methylpyrazole",0,NA,NA,-0.198036928122804,0.0100658424235924,0.127511771781338,FALSE,34,61
"P_Piperidine","P_Piperidine",0,NA,NA,-0.126959542576817,0.3616651804741,0.705018199911537,FALSE,34,61
"P_2-Methylpyrrolidine; CE10; RGHPCLZJAFCTIK-UHFFFAOYSA-N","P_2-Methylpyrrolidine",-0.846941051774895,0.0277418898937044,0.165711555631728,0.420895653821322,0.180511303749751,0.499378576840627,FALSE,34,61
"P_Morpholine","P_Morpholine",0,NA,NA,-0.0378551212684748,0.129079945360257,0.422942799691055,FALSE,34,61
"P_N-Nitrosomethylethylamine (NMEA)","P_N-Nitrosomethylethylamine (N",-0.0216848490685742,0.916530083531633,0.974998659066473,-0.050083522639202,0.386700535062819,0.719640654655802,TRUE,34,61
"P_SARCOSINE","P_SARCOSINE",0.241537462279599,0.218511751871766,0.532028613252995,0.0264051687185329,0.161127549771317,0.474146038180564,TRUE,34,61
"P_Aniline","P_Aniline",0,NA,NA,0.00632371966195677,0.723913308251601,0.899040763928035,FALSE,34,61
"P_4-Methylpyrimidine","P_4-Methylpyrimidine",0.119669682883959,0.477487790474974,0.755192753758582,-0.162557601994607,0.0663519679194242,0.283838973877537,FALSE,34,61
"P_3-Hydroxypyridine","P_3-Hydroxypyridine",0.0672957005278363,0.941207662781509,0.978331862937625,-0.374444964823535,0.0618887455679201,0.277598062644457,FALSE,34,61
"P_Propionic acid","P_Propionic acid",-0.807720677482465,7.45374012439144e-07,1.28433675989514e-05,-0.353562167473711,0.0125629004521465,0.133554902776212,TRUE,34,61
"P_2-Piperidone; CE10; XUWHAWMETYGRKB-UHFFFAOYSA-N","P_2-Piperidone",0,NA,NA,0,NA,NA,TRUE,34,61
"P_Cyclohexylamine","P_Cyclohexylamine",-0.169391903215484,0.0827205131751597,0.322250346978014,0,NA,NA,FALSE,34,61
"P_Homoserine","P_Homoserine",0.378458091072215,0.0508801628431616,0.245100139287488,-0.737936106145309,0.00237079969614406,0.0576478662957135,FALSE,34,61
"P_CYCLOPENTANONE","P_CYCLOPENTANONE",0,NA,NA,0.0631728239280847,0.677892565283126,0.860402102090122,FALSE,34,61
"P_Hexylamine","P_Hexylamine",-0.0413931375147634,0.24896729329039,0.569068098949463,-0.0612198277963074,0.849150282676132,0.96730727534732,TRUE,34,61
"P_N-Nitrosodiethylamine (NDEA)","P_N-Nitrosodiethylamine (NDEA)",0.290637766594898,0.0943258066281596,0.343560661539963,-1.12601436208581,0.00276447576766227,0.0580539911209077,FALSE,34,61
"P_N,N-Dimethylglycine","P_N,N-Dimethylglycine",-0.2175746770159,0.573540589570381,0.802956825398534,0,NA,NA,FALSE,34,61
"P_4-AMINOBUTANOATE","P_4-AMINOBUTANOATE",0.402051410326926,0.103858785341574,0.357913352561731,0.295846056272062,0.215620226366626,0.559643508884165,TRUE,34,61
"P_Choline","P_Choline",0,NA,NA,0,NA,NA,TRUE,34,61
"P_Serine","P_Serine",-0.222112228040604,0.6892936118844,0.899911458454984,0.228723952959793,0.403963836365994,0.731887421180742,FALSE,34,61
"P_DIETHANOLAMINE","P_DIETHANOLAMINE",0.0408099214208235,0.849150282676132,0.9558274538666,0.0199045685648507,0.81885368453603,0.952922927596085,TRUE,34,61
"P_N-Methylaniline","P_N-Methylaniline",-1.27045047693414,3.03910433919882e-08,1.23774431269188e-06,0.950231748617494,0.0652120242306772,0.283838973877537,FALSE,34,61
"P_2-Aminophenol","P_2-Aminophenol",-0.055787746206498,0.568265293442785,0.80057500459864,-0.790496950188544,0.0107639807347883,0.127511771781338,TRUE,34,61
"P_3-Pyridinemthanol","P_3-Pyridinemthanol",0.218969271672069,0.36989506097167,0.683983164509991,-0.449203026405467,0.227353207176756,0.564716030729362,FALSE,34,61
"P_1-Acetylimidazole","P_1-Acetylimidazole",0,NA,NA,-0.101746166869521,0.521861540027617,0.809060508364964,FALSE,34,61
"P_Cytosine","P_Cytosine",0,NA,NA,-0.142218176982961,0.303645422231841,0.652484581726095,FALSE,34,61
"P_Uracil","P_Uracil",0.124812665082427,0.5269196692454,0.778879777282084,-0.0298635532235778,0.741442663467653,0.90382227184806,FALSE,34,61
"P_Creatinine","P_Creatinine",0,NA,NA,0,NA,NA,TRUE,34,61
"P_Dihydrouracil","P_Dihydrouracil",0.296095412551992,0.0294338164381756,0.171251295640295,0.0628657586676731,0.215620226366626,0.559643508884165,TRUE,34,61
"P_5,6-DIHYDROURACIL","P_5,6-DIHYDROURACIL",-0.0543131025242722,0.81885368453603,0.945480542969437,-0.0138373320661636,0.706527566476843,0.879826780895692,TRUE,34,61
"P_Prolinamide","P_Prolinamide",-0.118441515286648,0.984515277181059,0.991152458824976,-0.157793608589,0.303645422231841,0.652484581726095,TRUE,34,61
"P_Proline","P_Proline",0.0930076773403741,0.677892565283126,0.893223144843649,-0.283015396641307,0.501881656070511,0.802316003822063,FALSE,34,61
"P_Valine","P_Valine",0.0565794796489811,0.285762260463115,0.627556336703311,0,NA,NA,FALSE,34,61
"P_5-Aminovaleric acid","P_5-Aminovaleric acid",0.11531268896913,0.487166754098728,0.755192753758582,-0.578916024699346,0.00899152817711803,0.127511771781338,FALSE,34,61
"P_Betaine; CE30; CE10; KWIUHFFTVRNATP-UHFFFAOYSA-N","P_Betaine",0,NA,NA,-2.4838999474104,0.00783831197702252,0.124872418392566,FALSE,34,61
"P_4-AMINOBENZOATE","P_4-AMINOBENZOATE",0.0929467952086469,0.133042033653952,0.413908549145628,3.19586865170475,0.0480857926708195,0.244127870482622,TRUE,34,61
"P_Threonine","P_Threonine",0.0522325616050807,0.86133425537221,0.961201878895939,-0.130769526223759,0.105519591156851,0.369318569048977,FALSE,34,61
"P_PHENYLETHANOLAMINE","P_PHENYLETHANOLAMINE",0,NA,NA,-0.177526531555472,0.935032038568649,0.986266670818986,FALSE,34,61
"P_UROCANATE","P_UROCANATE",0,NA,NA,0,NA,NA,TRUE,34,61
"P_Phenylacetaldehyde","P_Phenylacetaldehyde",0.6103647163436,0.695020903181751,0.899911458454984,-0.281938935785892,0.390973602421226,0.719640654655802,FALSE,34,61
"P_Benzamidine","P_Benzamidine",-0.66491034004466,0.121431357283459,0.397089401919632,-1.16463012432783,0.0300171774446844,0.189971725745811,TRUE,34,61
"P_2,6-Xylidine","P_2,6-Xylidine",-1.29487242975448,1.62461007796196e-08,7.27825314926956e-07,0.7150215258144,8.97979050702647e-05,0.0114202028973488,FALSE,34,61
"P_Niacinamide","P_Niacinamide",0.109842922699027,0.245794540598998,0.567608011280161,-0.0586823089268371,0.706527566476843,0.879826780895692,FALSE,34,61
"P_4-(Dimethylamino)pyridine","P_4-(Dimethylamino)pyridine",-0.0449306932596407,0.922692880079808,0.977225556207456,-0.293024745711492,0.326066799182756,0.679310704819507,TRUE,34,61
"P_HISTIDINOL","P_HISTIDINOL",0,NA,NA,0,NA,NA,TRUE,34,61
"P_Taurine","P_Taurine",0,NA,NA,-0.191786041876494,0.788825190762147,0.934454456749005,FALSE,34,61
"P_5-Methylcytosine","P_5-Methylcytosine",-0.0373546804276543,0.941207662781509,0.978331862937625,-0.711469731031677,0.00256072747132146,0.0580539911209077,TRUE,34,61
"P_3-METHYLHISTAMINE","P_3-METHYLHISTAMINE",-1.01792613352647,0.170613276707046,0.466065536370466,-0.426742898560914,0.115931146858073,0.396742147025407,TRUE,34,61
"P_Melamine","P_Melamine",-0.252467103654851,0.0747990100783013,0.304297955317064,0.90178838639951,0.747316250748829,0.90382227184806,FALSE,34,61
"P_N-Cyclohexylformamide","P_N-Cyclohexylformamide",-0.25653284708185,0.649715465483723,0.874091677287411,0.0165326696514718,0.627526672186144,0.847727684778072,FALSE,34,61
"P_DL-Coniine","P_DL-Coniine",-1.30792242633589,3.0562220427195e-07,5.70494781307641e-06,0.37790976515743,0.467914991450869,0.788966153468254,FALSE,34,61
"P_4-Piperidinecarboxamide","P_4-Piperidinecarboxamide",-0.0296433219909744,0.532002705018567,0.778879777282084,0.148753139272433,0.578838986822016,0.847727684778072,FALSE,34,61
"P_Pyroglutamic acid","P_Pyroglutamic acid",0.363422513093617,0.112374458716926,0.378524492520171,-0.332536929758568,0.296404849595263,0.64807400069063,FALSE,34,61
"P_L-Pyroglutamic acid","P_L-Pyroglutamic acid",0,NA,NA,-0.102555827314056,0.627526672186144,0.847727684778072,FALSE,34,61
"P_Indole-3-carbinol","P_Indole-3-carbinol",-0.149114267827084,0.0546768135982754,0.249365983291195,0.107743395046032,0.649715465483723,0.852751548447387,FALSE,34,61
"P_Pipecolic acid","P_Pipecolic acid",-0.0560850415644012,0.723913308251601,0.908440229962794,-0.287742094446479,0.584160265638569,0.847727684778072,TRUE,34,61
"P_N-Methylproline","P_N-Methylproline",-0.144646175683071,0.329905763096955,0.656879030521938,0.0467446124966777,0.453757279021613,0.779315475494368,FALSE,34,61
"P_DL-Pipecolinic acid","P_DL-Pipecolinic acid",0,NA,NA,0.314994613081371,0.547399380138604,0.821099070207906,FALSE,34,61
"P_L-beta-Homoproline","P_L-beta-Homoproline",-0.669997986659013,0.672219382956811,0.888360718479797,-0.192333790179351,0.0608126265947187,0.277598062644457,TRUE,34,61
"P_Metformin","P_Metformin",-1.65770394076861,0.0266611160850852,0.1636189041934,0,NA,NA,FALSE,34,61
"P_N-acetyl putrescine","P_N-acetyl putrescine",1.01541635208012,0.000512549262203273,0.00620600187748828,-0.0852135521494617,0.649715465483723,0.852751548447387,FALSE,34,61
"P_CREATINE","P_CREATINE",0,NA,NA,0,NA,NA,TRUE,34,61
"P_Creatine","P_Creatine",0.783392761890479,0.00213761323289439,0.0239412682084172,0.0569189521361544,0.537110462136305,0.816266557588727,TRUE,34,61
"P_Isoleucine","P_Isoleucine",-0.692564099799426,0.00681941336509088,0.0611019437512143,0,NA,NA,FALSE,34,61
"P_Ornithine","P_Ornithine",-0.126245912025716,0.322256992691108,0.656879030521938,0.0776438295609907,0.542242751499978,0.81868023265683,FALSE,34,61
"P_2-Oxindole","P_2-Oxindole",-0.0569849907384175,0.71230634739984,0.908440229962794,0.169361209470591,0.879671362382444,0.96730727534732,FALSE,34,61
"P_L-beta-Homothreonine","P_L-beta-Homothreonine",-0.779412289406341,0.00538305327863643,0.0524262580180244,-0.163187604762804,0.421680346096957,0.740746463485909,TRUE,34,61
"P_Benzothiazole","P_Benzothiazole",0.459282871338317,0.0162716435307531,0.123554174606397,0.158927930087984,0.185617437981366,0.501492727177725,TRUE,34,61
"P_3-HYDROXYANTHRANILATE","P_3-HYDROXYANTHRANILATE",0,NA,NA,-0.284266021683816,0.245794540598998,0.588378641226618,FALSE,34,61
"P_4-Hydroxybenzotriazole","P_4-Hydroxybenzotriazole",0.645152697320384,0.0527499451293244,0.248757635978288,0.0597868421935921,0.48231407406426,0.795304029659408,TRUE,34,61
"P_1-Hydroxybenzotriazole","P_1-Hydroxybenzotriazole",0.485840311949239,0.0169754896702204,0.126750322870979,-0.0159932789014263,0.765023990541973,0.915650475726403,FALSE,34,61
"P_Adenine","P_Adenine",0,NA,NA,0.37072479666978,0.81885368453603,0.952922927596085,FALSE,34,61
"P_P-OCTOPAMINE","P_P-OCTOPAMINE",0.30032415732105,0.161127549771317,0.451157139359688,0.322237713473733,0.627526672186144,0.847727684778072,TRUE,34,61
"P_4-Isopropylaniline","P_4-Isopropylaniline",-1.67247981254523,4.32445994254323e-08,1.38382718161383e-06,0.901772878153572,0.137097619930696,0.436821382124012,FALSE,34,61
"P_Hypoxanthine","P_Hypoxanthine",0,NA,NA,-0.336945670438425,0.333773874445948,0.679310704819507,FALSE,34,61
"P_Allopurinol","P_Allopurinol",0,NA,NA,0.0672148661619332,0.879671362382444,0.96730727534732,FALSE,34,61
"P_1-Methylnicotinamide","P_1-Methylnicotinamide",-0.24202698406139,0.885798604612106,0.96554203130468,-0.820004202159168,0.0173373285119883,0.148330477269233,TRUE,34,61
"P_Phenelzine","P_Phenelzine",0.112049755253928,0.04730685211794,0.232895271965243,-0.17203423671705,0.207111251297996,0.54366703465724,FALSE,34,61
"P_Trigonelline","P_Trigonelline",0.0953290340445854,0.718101695584044,0.908440229962794,-0.346409083587837,0.039286216586532,0.216074191225926,FALSE,34,61
"P_4-Aminobenzoic acid","P_4-Aminobenzoic acid",0.281870479759089,0.24896729329039,0.569068098949463,-0.114478789955136,0.959754274127329,0.996034158423635,FALSE,34,61
"P_Tyramine","P_Tyramine",0.402594214858155,0.633043400970638,0.856807986812223,0.0656663734686624,0.677892565283126,0.860402102090122,TRUE,34,61
"P_p-phenetidine","P_p-phenetidine",-3.44227567059798,5.15962140298335e-09,5.77877597134135e-07,0.724004782338032,0.0217860383324265,0.165002454255427,FALSE,34,61
"P_Urocanic acid","P_Urocanic acid",0,NA,NA,0,NA,NA,TRUE,34,61
"P_Isophorone","P_Isophorone",0.318136532170097,0.0107639807347883,0.0909861013053799,-0.305809207959779,0.996902868782583,1,FALSE,34,61
"P_betaine","P_betaine",0.17167151283649,0.265260104521813,0.59868149571199,0.101851309964694,0.649715465483723,0.852751548447387,TRUE,34,61
"P_3-hydroxy-1,2-dimethylpyridin-4(1H)-one","P_3-hydroxy-1,2-dimethylpyridi",0.993026839025056,0.349537467832509,0.666352279101974,0,NA,NA,FALSE,34,61
"P_Gentisyl alcohol","P_Gentisyl alcohol",-0.694921438933253,0.112374458716926,0.378524492520171,0,NA,NA,FALSE,34,61
"P_Pymetrozine-TP CGA371075","P_Pymetrozine-TP CGA371075",0.254804282740693,0.458449474726643,0.754544008866495,0.0265888603733799,0.611101940174674,0.847727684778072,TRUE,34,61
"P_ectoine","P_ectoine",-0.0865575608762015,0.782855421635785,0.922945339191662,-0.347294038976564,0.00919781639596792,0.127511771781338,TRUE,34,61
"P_Ectoine","P_Ectoine",0,NA,NA,0.0825877903494501,0.794807385772766,0.936737276089331,FALSE,34,61
"P_4-Methyl-5-thiazoleethanol","P_4-Methyl-5-thiazoleethanol",-0.501109415781173,0.840030204229803,0.955161247449116,-0.407545636567804,0.107196483185187,0.3696048224752,TRUE,34,61
"P_AMINOADIPATE","P_AMINOADIPATE",-0.738519669035142,0.337671119639498,0.660596775539281,-0.662143213915638,0.0107639807347883,0.127511771781338,TRUE,34,61
"P_2-Naphthylamine","P_2-Naphthylamine",-1.01092764167202,1.07226369602818e-07,2.38704317380112e-06,0.0168015851583831,0.578838986822016,0.847727684778072,FALSE,34,61
"P_(2R)-6-methylpiperidine-2-carboxylic acid","P_(2R)-6-methylpiperidine-2-ca",-0.136285660897908,0.723913308251601,0.908440229962794,0,NA,NA,FALSE,34,61
"P_5-methanesulfinylpentanenitrile","P_5-methanesulfinylpentanenitr",-0.863939933355013,0.0177059136002654,0.130036873654408,0.0375024860659998,0.633043400970638,0.847727684778072,FALSE,34,61
"P_4-Acetamidobutyric acid","P_4-Acetamidobutyric acid",-0.416000726434312,0.50683838520047,0.774961080443039,0,NA,NA,FALSE,34,61
"P_Allysine (not validated)","P_Allysine (not validated)",-0.640242907364296,0.594870571193552,0.825083640540901,-0.654824663906222,0.0222358788460065,0.165693161723468,TRUE,34,61
"P_4-GUANIDINOBUTANOATE","P_4-GUANIDINOBUTANOATE",-0.242247669514441,0.487166754098728,0.755192753758582,0,NA,NA,FALSE,34,61
"P_DEOXYCARNITINE","P_DEOXYCARNITINE",0.0523107545297812,0.537110462136305,0.781251581289171,0,NA,NA,FALSE,34,61
"P_L-beta-Homoleucine","P_L-beta-Homoleucine",0.0563187647674006,0.723913308251601,0.908440229962794,0.135856701373129,0.922692880079808,0.984251074353759,TRUE,34,61
"P_Coumaric acid (isomer of 189, 194)","P_Coumaric acid (isomer of 189",0,NA,NA,0.468323366806118,0.0337301122168375,0.202380673301025,FALSE,34,61
"P_L-GLUTAMINE","P_L-GLUTAMINE",0.0359805912374789,0.972131417943475,0.989364711354949,0.259158673686574,0.916530083531633,0.984251074353759,TRUE,34,61
"P_Asparagine methyl ester","P_Asparagine methyl ester",-0.448738297511323,0.0236342003009561,0.155707672571005,-0.243095857709683,0.341597481460115,0.689161731155341,TRUE,34,61
"P_Glutamine","P_Glutamine",0.392468426469424,0.578838986822016,0.807850050144122,-0.062014098524152,0.65531257217966,0.852829319287332,FALSE,34,61
"P_Lysine","P_Lysine",0,NA,NA,0,NA,NA,TRUE,34,61
"P_4-Hydroxymandelonitrile","P_4-Hydroxymandelonitrile",0.0908568143938773,0.296404849595263,0.638410445282105,0.106004803649693,0.922692880079808,0.984251074353759,TRUE,34,61
"P_L-METHIONINE","P_L-METHIONINE",0.165692140174382,0.662991051424643,0.886115823532887,0.343508197673177,0.131049378286665,0.426371920904501,TRUE,34,61
"P_3-METHYLADENINE","P_3-METHYLADENINE",0.312603115964002,0.329905763096955,0.656879030521938,-0.538996141171417,5.69001748196335e-05,0.0114202028973488,FALSE,34,61
"P_2,2',2''-Nitrilotriethanol","P_2,2',2''-Nitrilotriethanol",-0.170066930169178,0.207111251297996,0.512628953488963,-0.248344930857467,0.0652082615553212,0.283838973877537,TRUE,34,61
"P_Phentermine","P_Phentermine",-2.32867107944615,3.79033747865203e-08,1.30620860802778e-06,-0.666732782166413,0.207111251297996,0.54366703465724,TRUE,34,61
"P_N,N-Dimethyl-4-nitrosoaniline","P_N,N-Dimethyl-4-nitrosoanilin",0.202065543022442,0.430706835874038,0.733675522705585,-0.630855201665518,0.224371668022735,0.564716030729362,FALSE,34,61
"P_4`-Aminoacetanilide","P_4`-Aminoacetanilide",0.764964749247078,5.68728719976518e-06,8.49301555164934e-05,-0.470818683623957,0.01924979570467,0.158810814563528,FALSE,34,61
"P_Guanine","P_Guanine",0.106098399625839,0.532002705018567,0.778879777282084,-0.654509146760674,0.245596180510144,0.588378641226618,FALSE,34,61
"P_Paracetamol","P_Paracetamol",-0.223167833948828,0.114141897331126,0.381608731375705,-0.778102435483653,0.00839722888583647,0.127511771781338,TRUE,34,61
"P_Acetaminophen","P_Acetaminophen",0.042634899650384,0.48231407406426,0.755192753758582,0.00669383053509165,0.928860321251599,0.984251074353759,TRUE,34,61
"P_Amantadine","P_Amantadine",-0.0706353404242641,0.928860321251599,0.978331862937625,-0.122875392633389,0.776883208921792,0.925051655984195,TRUE,34,61
"P_XANTHINE","P_XANTHINE",0.17348030799528,0.849150282676132,0.9558274538666,-0.73576418656604,0.123296318796162,0.412818570643457,FALSE,34,61
"P_Vanillin","P_Vanillin",-0.653743242108696,0.935032038568649,0.978331862937625,-0.439722932909863,0.149837332479249,0.461498984036088,TRUE,34,61
"P_Pyrimidinol","P_Pyrimidinol",0.20680117087182,0.568265293442785,0.80057500459864,-0.0694299387055253,0.660929109343237,0.852930861778144,FALSE,34,61
"P_10-HYDROXYDECANOATE","P_10-HYDROXYDECANOATE",0.0895147556198737,0.910372299248305,0.974998659066473,-1.66522870553779,0.0919915321298596,0.342742643903187,FALSE,34,61
"P_3-AMINO-4-HYDROXYBENZOATE","P_3-AMINO-4-HYDROXYBENZOATE",-0.0785512935270027,0.794807385772766,0.932130127817275,-0.172711069107979,0.0663519679194242,0.283838973877537,TRUE,34,61
"P_2-hydroxy-6-methylisonicotinic acid","P_2-hydroxy-6-methylisonicotin",-12.8701034594638,0.527030006225677,0.778879777282084,-0.177605434578425,0.227353207176756,0.564716030729362,TRUE,34,61
"P_Dopamine","P_Dopamine",0.239080097531854,0.672219382956811,0.888360718479797,-0.0599578215741552,0.666564804755765,0.857807631746974,FALSE,34,61
"P_N-omega-Acetylhistamine","P_N-omega-Acetylhistamine",-0.461596711772142,0.154278781179032,0.445915444956169,-0.938521693854657,0.00164364116704292,0.0533798708866728,TRUE,34,61
"P_Cyclo-prolylglycine","P_Cyclo-prolylglycine",-0.0546433255687226,0.666564804755765,0.886115823532887,0.00494785247467178,0.729740879811717,0.899040763928035,FALSE,34,61
"P_2-amino-4-hydroxypyrimidine-5-carboxylic acid","P_2-amino-4-hydroxypyrimidine-",-0.00567620411210257,0.573540589570381,0.802956825398534,-0.238929750080686,0.170613276707046,0.4865637891275,TRUE,34,61
"P_N-(2,5-dioxocyclopentyl)acetamide","P_N-(2,5-dioxocyclopentyl)acet",0.0794783896113671,0.322256992691108,0.656879030521938,-0.748688042885991,0.0120235570402642,0.132259127442907,FALSE,34,61
"P_L-Histidine","P_L-Histidine",0,NA,NA,0,NA,NA,TRUE,34,61
"P_2,2,6,6-Tetramethyl-4 piperidone","P_2,2,6,6-Tetramethyl-4 piperi",-0.271093649099669,0.00237079969614406,0.0259053235090864,-0.317931552487696,0.230356272661677,0.566088287072844,TRUE,34,61
"P_2,2-Dipyridyl","P_2,2-Dipyridyl",1.21484793996409,0.0869290254340269,0.330035621986814,-1.13157652989611,0.369861560992427,0.708248448394375,FALSE,34,61
"P_Acetylproline","P_Acetylproline",-0.348583905935552,0.542242751499978,0.786164248129419,-0.248457410066074,0.129079945360257,0.422942799691055,TRUE,34,61
"P_Amphetamine","P_Amphetamine",-1.76286373830827,5.38079473111767e-08,1.60706402636048e-06,0.21233001270782,0.830942569480214,0.959738667749648,FALSE,34,61
"P_4-Aminomethylcyclohexanecarboxylic acid","P_4-Aminomethylcyclohexanecarb",-1.04888028563245,3.18456740851334e-07,5.70674479605591e-06,0.0252368793378679,0.879671362382444,0.96730727534732,FALSE,34,61
"P_allantoin","P_allantoin",-0.557994444462821,0.0537061648107116,0.249365983291195,0.523652882939096,0.472688049033543,0.791238690773539,FALSE,34,61
"P_(S)-1-carbamoylpyrrolidine-2-carboxylic acid","P_(S)-1-carbamoylpyrrolidine-2",-0.136910989581619,0.879671362382444,0.961201878895939,0.123295962909761,0.463168755442603,0.788966153468254,FALSE,34,61
"P_1,5-Naphthalenediamine","P_1,5-Naphthalenediamine",-1.18554547849888,0.00635600915589315,0.0593227521216694,-1.696535878116,0.285877305909086,0.644269830878038,TRUE,34,61
"P_6-methoxyquinoline","P_6-methoxyquinoline",0.16823794260543,0.836982550732106,0.954117513302758,0.0910244467954477,0.928859328077549,0.984251074353759,TRUE,34,61
"P_2-(4-aminotetrahydro-2H-pyran-4-yl)acetic acid","P_2-(4-aminotetrahydro-2H-pyra",0.0850537989351992,0.329905763096955,0.656879030521938,-0.183081449966096,0.165819391574342,0.478803493170914,FALSE,34,61
"P_5-Aminovaleric acid betaine; CE10; CDLVFVFTRQPQFU-UHFFFAOYSA-N","P_5-Aminovaleric acid betaine",0.130643897491037,0.421680346096957,0.731526756272288,0,NA,NA,FALSE,34,61
"P_Valine betaine; CE10; REWYJJRDEOKNBQ-UHFFFAOYSA-N","P_Valine betaine",-0.0478249111954021,0.765023990541973,0.921319214416139,-0.636362792419732,0.00422568045974389,0.0750870912462184,TRUE,34,61
"P_D-Ala-D-ala","P_D-Ala-D-ala",0.20418007252637,0.390973602421226,0.703438449336181,0.145086527871989,0.984515277181059,1,TRUE,34,61
"P_L-beta-Homolysine","P_L-beta-Homolysine",1.03675355598839,0.0306104486268325,0.171872511674623,0.127220195469317,0.660929109343237,0.852930861778144,TRUE,34,61
"P_1H-indole-3-carboxylic acid","P_1H-indole-3-carboxylic acid",-0.354995131967975,0.800801671247008,0.936707960100939,0.624624907523529,0.482307943282979,0.795304029659408,FALSE,34,61
"P_D-MANNOSAMINE","P_D-MANNOSAMINE",-0.151600651126898,0.718101695584044,0.908440229962794,-0.801151754021166,0.00465842995176906,0.0768640942041895,TRUE,34,61
"P_D-2-Aminoadipic acid","P_D-2-Aminoadipic acid",0.19179135260665,0.439844439164333,0.746402684642505,0.162516677647368,0.984515277181059,1,TRUE,34,61
"P_L-CARNITINE","P_L-CARNITINE",0.46011537589629,0.180511303749751,0.484245892693941,0.613207023708757,0.04730685211794,0.242841840872092,TRUE,34,61
"P_D-Carnitine","P_D-Carnitine",-0.428465829532442,0.0556620498417845,0.249365983291195,0.0288887751194125,0.953569151439274,0.996034158423635,FALSE,34,61
"P_Nicotine","P_Nicotine",0,NA,NA,1.04965785653146,0.0447674753537492,0.237730731188875,FALSE,34,61
"P_4-Pentylaniline","P_4-Pentylaniline",-2.56143155996528,3.0788538008737e-09,5.05294345850183e-07,0.426830164729999,0.463168755442603,0.788966153468254,FALSE,34,61
"P_Ricinine","P_Ricinine",-0.324956659511436,0.477487790474974,0.755192753758582,-0.257060912439396,0.492045680888391,0.797631945861181,TRUE,34,61
"P_L-(-)-Phenylalanine","P_L-(-)-Phenylalanine",0.412148041438762,0.0943258066281596,0.343560661539963,0.00429610693249316,0.800801671247008,0.941400437954498,TRUE,34,61
"P_Phenylalanine","P_Phenylalanine",0,NA,NA,-0.448619235511988,0.221431031747181,0.564716030729362,FALSE,34,61
"P_4-hydroxy-4-(pyridin-2-yl)butan-2-one","P_4-hydroxy-4-(pyridin-2-yl)bu",-0.161828938276283,0.239534345088495,0.564796771577083,0.114676050088679,0.747316250748829,0.90382227184806,FALSE,34,61
"P_Hordenine","P_Hordenine",-0.449258570485867,7.83034851496749e-09,7.01599226941087e-07,0.3622964386416,0.467914991450869,0.788966153468254,FALSE,34,61
"P_Ephedrine","P_Ephedrine",-0.252582830547794,0.00321703006686844,0.0327552152262969,0,NA,NA,FALSE,34,61
"P_7-Methylxanthine","P_7-Methylxanthine",-0.0632929442654415,0.627526672186144,0.851914997392099,-1.45791747408907,0.0217860383324265,0.165002454255427,TRUE,34,61
"P_Fluorene","P_Fluorene",-0.0822472469981115,0.322256992691108,0.656879030521938,-0.0254489482811167,0.683584069908484,0.865248877527999,TRUE,34,61
"P_Pyridoxal","P_Pyridoxal",-0.109723065541488,0.843071592954535,0.9558274538666,-0.586080475655148,0.156536686065732,0.472679404982798,TRUE,34,61
"P_Pyridoxamine","P_Pyridoxamine",0.490691192018293,0.453757279021613,0.754544008866495,-0.690137182036398,0.0343856515030672,0.203668858902783,FALSE,34,61
"P_(1s,5s)-1,5-dimethyl-3,7-diazabicyclo[3.3.1]nonan-9-one","P_(1s,5s)-1,5-dimethyl-3,7-dia",0.0222776174034394,0.879671362382444,0.961201878895939,-0.383898823186993,0.423910288828744,0.741843005450302,FALSE,34,61
"P_PYRIDOXINE","P_PYRIDOXINE",0.910781080772853,0.193475725267465,0.496466769736095,-0.793202331936037,0.04730685211794,0.242841840872092,FALSE,34,61
"P_N(PAI)-METHYL-L-HISTIDINE","P_N(PAI)-METHYL-L-HISTIDINE",-0.141337216410925,0.759107234470984,0.919135246062164,-0.117937794275356,0.633043400970638,0.847727684778072,TRUE,34,61
"P_3-Methylhistidine","P_3-Methylhistidine",-0.0943353920655277,0.972131417943475,0.989364711354949,0,NA,NA,FALSE,34,61
"P_Diphenylamine","P_Diphenylamine",0,NA,NA,-0.418151698713775,0.058706875809931,0.276760985961103,FALSE,34,61
"P_Gabapentin","P_Gabapentin",0.32998897850657,0.516828498673734,0.778879777282084,-0.13127583367271,0.885798604612106,0.96730727534732,FALSE,34,61
"P_Glycyl-L-proline","P_Glycyl-L-proline",-0.0782697105581889,0.782855421635785,0.922945339191662,-0.0172710854030491,0.759107234470984,0.913300891472902,TRUE,34,61
"P_Sulfanilic acid","P_Sulfanilic acid",-5.86183047220499,0.293415215104937,0.638106875568018,-0.284233760447002,0.65531257217966,0.852829319287332,TRUE,34,61
"P_INDOLE-3-ACETAMIDE","P_INDOLE-3-ACETAMIDE",-0.634012596363139,0.0231598431207609,0.154859846538819,-0.479369376881028,0.289280716913758,0.647304527094025,TRUE,34,61
"P_Theanine","P_Theanine",-0.22616568636731,0.718101695584044,0.908440229962794,-0.26525113765512,0.314724874067495,0.663940145293072,TRUE,34,61
"P_L-ARGININE","P_L-ARGININE",-0.0591632518398271,0.867438828484102,0.961201878895939,0,NA,NA,FALSE,34,61
"P_L-Arginine","P_L-Arginine",0.314589487018466,0.496950700761405,0.767703151521068,0.163455646435345,0.511820722576504,0.807034722970461,TRUE,34,61
"P_CITRULLINE","P_CITRULLINE",0,NA,NA,-0.203232028487214,0.65531257217966,0.852829319287332,FALSE,34,61
"P_FERULATE","P_FERULATE",0.43211006473571,0.204329806433718,0.508554184901699,-0.369170783907411,0.158819563234506,0.474146038180564,FALSE,34,61
"P_Cotinine","P_Cotinine",0,NA,NA,0.0428111861576106,0.830942569480214,0.959738667749648,FALSE,34,61
"P_2-amino-3-prop-2-enylsulfinylpropanoic acid","P_2-amino-3-prop-2-enylsulfiny",-0.744626794582533,0.746336940896916,0.919135246062164,0.0637014772491291,0.5269196692454,0.811456290637916,FALSE,34,61
"P_4-Hexylaniline","P_4-Hexylaniline",-2.73096253664871,6.68536591719707e-08,1.83964384850485e-06,0.168176048899159,0.0300171774446844,0.189971725745811,FALSE,34,61
"P_Nicotine-N-oxide","P_Nicotine-N-oxide",1.14565972868143,1.05435038474552e-05,0.000138926168342939,0,NA,NA,FALSE,34,61
"P_Hippuric acid","P_Hippuric acid",-0.734454519058328,0.0256169027736396,0.161639048487191,-0.405262867856127,0.487166754098728,0.795304029659408,TRUE,34,61
"P_Acridine","P_Acridine",-3.24065109552366,1.0274867915748e-07,2.38704317380112e-06,0.483736950290837,0.000394133312648657,0.0234407150820971,FALSE,34,61
"P_D-(+)-Glucosamine","P_D-(+)-Glucosamine",0.395307732047705,0.349537467832509,0.666352279101974,-0.143989346728645,0.511820722576504,0.807034722970461,FALSE,34,61
"P_2-(N-Ethyl-m-toluidino)ethanol","P_2-(N-Ethyl-m-toluidino)ethan",-1.12973150003419,0.00783744610071578,0.0688465853553073,-0.467503662514879,0.390217909588554,0.719640654655802,TRUE,34,61
"P_PARAXANTHINE","P_PARAXANTHINE",-0.58499178462133,0.252168569735834,0.573459488536312,-1.52477480628082,0.152045709994432,0.465199457069057,TRUE,34,61
"P_Theobromine","P_Theobromine",-0.147887512743473,0.563013314262623,0.80057500459864,-0.450429939880785,0.394911068633125,0.724003625827397,TRUE,34,61
"P_Theophylline","P_Theophylline",-0.727220048549707,0.0400325397071367,0.208541602195317,-1.0500592573057,0.374053293091401,0.708248448394375,TRUE,34,61
"P_Acamprosate","P_Acamprosate",-0.0891572287663394,0.149837332479249,0.441625822044103,-0.0636869214383537,0.584160265638569,0.847727684778072,TRUE,34,61
"P_L-Tyrosine","P_L-Tyrosine",0.164173855008084,0.472688049033543,0.755192753758582,0,NA,NA,FALSE,34,61
"P_Tyrosine","P_Tyrosine",0.172384498507192,0.55778486409503,0.798363000366049,-0.402336733202844,0.133042033653952,0.429828108728152,FALSE,34,61
"P_L-TYROSINE","P_L-TYROSINE",0.250619540372149,0.487166754098728,0.755192753758582,0.472448023962624,0.487166754098728,0.795304029659408,TRUE,34,61
"P_Dicyclohexylamine","P_Dicyclohexylamine",-0.806988896302972,1.29538117709687e-08,7.06073899707287e-07,-0.134003994394952,0.501881656070511,0.802316003822063,TRUE,34,61
"P_Harmane","P_Harmane",-1.98163654995691,0.158819563234506,0.447931087208556,-0.667349626523279,0.0508801628431616,0.252759518640222,TRUE,34,61
"P_2-(1H-indol-3-yl)ethanamine","P_2-(1H-indol-3-yl)ethanamine",-0.0704022225453151,0.552580151225349,0.798363000366049,-0.0630201832595141,0.297384606377518,0.64807400069063,TRUE,34,61
"P_Harman","P_Harman",-2.27883113562741,0.0146230748062991,0.11295064677969,-1.24251403582877,0.0324510482086598,0.199898456965345,TRUE,34,61
"P_4-PYRIDOXATE","P_4-PYRIDOXATE",0.307466072219256,0.747316250748829,0.919135246062164,-0.459487700965152,0.0800077117628368,0.324017073429429,FALSE,34,61
"P_2-(2-amino-4-hydroxy-6-methylpyrimidin-5-yl)acetic acid","P_2-(2-amino-4-hydroxy-6-methy",-0.665053603799127,0.873551317021184,0.961201878895939,-0.883824093973047,0.0322305356178488,0.199898456965345,TRUE,34,61
"P_Phosphocholine","P_Phosphocholine",0,NA,NA,1.05130131807782,0.472688049033543,0.791238690773539,FALSE,34,61
"P_2,3-dihydro-1H-carbazol-4(9H)-one","P_2,3-dihydro-1H-carbazol-4(9H",0.299661659769672,0.204329806433718,0.508554184901699,-0.0444355911525065,0.616555691529895,0.847727684778072,FALSE,34,61
"P_Ecgonine","P_Ecgonine",-0.0269845441310252,0.278812428276232,0.61531018654065,-0.212681653330687,0.501881656070511,0.802316003822063,TRUE,34,61
"P_NCGC00380284-01!N-(5-acetamidopentyl)acetamide [IIN-based: Match]","P_NCGC00380284-01!N-(5-acetami",-0.392249895007009,0.683584069908484,0.898081124102642,-0.353480421044523,0.627526672186144,0.847727684778072,TRUE,34,61
"P_Atrazine-desethyl","P_Atrazine-desethyl",-0.306349685825918,0.511820722576504,0.777273504116183,-0.403007113536002,0.296404849595263,0.64807400069063,TRUE,34,61
"P_Deprenyl","P_Deprenyl",-7.52958249902293,1.89212972325917e-10,8.4767411602011e-08,0.929565833937367,0.0044372765861216,0.0759267326958585,FALSE,34,61
"P_N8-Acetylspermidine","P_N8-Acetylspermidine",0.602485713818076,0.102218817862394,0.357765862518379,0,NA,NA,FALSE,34,61
"P_N-epsilon-Acetyllysine","P_N-epsilon-Acetyllysine",-0.315828632483598,0.341597481460115,0.662492085255981,-0.11533147384074,0.542242751499978,0.81868023265683,TRUE,34,61
"P_NALPHA-ACETYL-L-LYSINE","P_NALPHA-ACETYL-L-LYSINE",-0.218303292299762,0.444454641520105,0.748555185718071,-0.232111715955426,0.374053293091401,0.708248448394375,TRUE,34,61
"P_N6-Acetyl-L-lysine; CE0; DTERQYGMUDWYAZ-ZETCQYMHSA-N","P_N6-Acetyl-L-lysine",0.143288337763835,0.65531257217966,0.878982132743975,-0.178313352409049,0.403963836365994,0.731887421180742,FALSE,34,61
"P_Propamocarb","P_Propamocarb",0,0.98226787348626,0.991117133607758,-0.126228251847156,1,1,FALSE,34,61
"P_N,N,N-TRIMETHYLLYSINE","P_N,N,N-TRIMETHYLLYSINE",0.210944048923121,0.322256992691108,0.656879030521938,-0.519096980971209,0.417209020696987,0.740746463485909,FALSE,34,61
"P_Kynurenic acid","P_Kynurenic acid",-0.31949891839319,0.747316250748829,0.919135246062164,-0.278655413387092,0.255398431701537,0.59895469769599,TRUE,34,61
"P_3-(2-hydroxyethyl)quinazolin-4(3H)-one","P_3-(2-hydroxyethyl)quinazolin",0.174620276092678,0.910372299248305,0.974998659066473,0.436497528911303,0.824892935780335,0.957539036006319,TRUE,34,61
"P_trans-3-Hydroxycotinine","P_trans-3-Hydroxycotinine",0,NA,NA,0.0504589315000636,0.978322694487148,1,FALSE,34,61
"P_2-(methyl(2H-pyrazolo[3,4-d]pyrimidin-4-yl)amino)ethanol","P_2-(methyl(2H-pyrazolo[3,4-d]",-0.62793628914261,5.69001748196335e-05,0.000728322237691309,-0.485176003143259,0.0330852901136214,0.201123737269646,TRUE,34,61
"P_3,4-Methylenedioxy-N-methylamphetamine (MDMA)","P_3,4-Methylenedioxy-N-methyla",0,NA,NA,-0.0340010145162637,0.201575635596016,0.538311812978956,FALSE,34,61
"P_4-Hexyloxyaniline","P_4-Hexyloxyaniline",-0.373738829378993,1.44300533733821e-07,2.93848359603417e-06,-0.207132248135665,0.314724874067495,0.663940145293072,TRUE,34,61
"P_Ferulic acid","P_Ferulic acid",-0.667995201033897,0.735584101908174,0.912857832838953,-0.35442890482717,0.0196536809816127,0.159298256377282,TRUE,34,61
"P_Caffeine","P_Caffeine",0.188285385451167,0.953569151439274,0.982066620332862,-0.386432674617957,0.107201398726573,0.3696048224752,FALSE,34,61
"P_N-(n-octyl)-2-pyrrolidinone","P_N-(n-octyl)-2-pyrrolidinone",0,NA,NA,-0.0935249394648459,0.390973602421226,0.719640654655802,FALSE,34,61
"P_Dictamnine","P_Dictamnine",-0.246218512639068,0.941207662781509,0.978331862937625,0.387033391700363,0.307309416062406,0.657300695466812,FALSE,34,61
"P_N-Methyldodecylamine","P_N-Methyldodecylamine",-0.356866630065145,0.00802080021612053,0.0691022787850384,-0.287961455667233,0.0786786733617062,0.321677407903613,TRUE,34,61
"P_Harmalol","P_Harmalol",-0.266103092067148,0.307309416062406,0.656879030521938,-0.238722248263006,0.333773874445948,0.679310704819507,TRUE,34,61
"P_(E)-1-(4-methylquinazolin-2(1H)-ylidene)guanidine","P_(E)-1-(4-methylquinazolin-2(",-1.24998944723012,1.11892648771928e-07,2.38704317380112e-06,-0.453192164645259,0.0166202950059195,0.148330477269233,TRUE,34,61
"P_1-Cinnamoylpyrrolidine","P_1-Cinnamoylpyrrolidine",-0.113594208949511,0.0735410521664236,0.302260471289521,-0.0983467546310592,0.36989506097167,0.708248448394375,TRUE,34,61
"P_N,N-Dimethyldecylamine oxide","P_N,N-Dimethyldecylamine oxide",-0.461226586085203,0.0110060806837658,0.0913097064134645,0.205391939759281,0.484299465033885,0.795304029659408,FALSE,34,61
"P_N,N-Dimethylarginine","P_N,N-Dimethylarginine",0.230128741351738,0.196148701435913,0.496466769736095,0.117650308294781,0.616555691529895,0.847727684778072,TRUE,34,61
"P_N-Acetylgalactosamine","P_N-Acetylgalactosamine",-0.851998184606707,0.165819391574342,0.458562268057441,-0.195105575421145,0.161127549771317,0.474146038180564,TRUE,34,61
"P_1h-indole-3-butanoic acid","P_1h-indole-3-butanoic acid",-0.407452884878907,0.458449474726643,0.754544008866495,-1.55056301835501,0.412765768032357,0.736284883517177,TRUE,34,61
"P_Acetylcarnitine","P_Acetylcarnitine",0,NA,NA,-0.197521547940845,0.627526672186144,0.847727684778072,FALSE,34,61
"P_Sorbitol","P_Sorbitol",0.540112740918723,0.806807709627522,0.94127566123211,-1.42699848148463,0.938283193922682,0.987441538934577,FALSE,34,61
"P_Tryptophan","P_Tryptophan",0.697986432889781,0.133042033653952,0.413908549145628,-0.329191590548291,0.3616651804741,0.705018199911537,FALSE,34,61
"P_N-Methylcytisine","P_N-Methylcytisine",0.833823499204808,0.833965445485568,0.95310336626922,0.168994378175038,0.990693964372674,1,TRUE,34,61
"P_Panthenol","P_Panthenol",0,NA,NA,0.0202299216470223,0.521861540027617,0.809060508364964,FALSE,34,61
"P_Norlidocaine","P_Norlidocaine",-0.173231277622211,0.537110462136305,0.781251581289171,0,NA,NA,FALSE,34,61
"P_Miglitol","P_Miglitol",-0.663392159563401,0.00262706510399456,0.0273703527113852,0.213147697193822,0.0282963020914523,0.184125233327478,FALSE,34,61
"P_Phenylalanine betaine; CE10; XTFQIRIHLGODFV-NSHDSACASA-N","P_Phenylalanine betaine",-1.90360801274858,0.0024959250760347,0.0266232008110368,0,NA,NA,FALSE,34,61
"P_Pilocarpine","P_Pilocarpine",2.33581938072591,9.41098187201719e-09,7.0268664644395e-07,-0.0103486491512967,0.408350677955625,0.734077872433847,FALSE,34,61
"P_Cyclo(proline-leucine)","P_Cyclo(proline-leucine)",-0.430370564955172,0.0618887455679201,0.264058647756459,-0.0296809997663061,0.516828498673734,0.809060508364964,TRUE,34,61
"P_methyl 1-methyl-9H-beta-carbolin-7-yl ether","P_methyl 1-methyl-9H-beta-carb",-0.142187503622772,0.453757279021613,0.754544008866495,0.239158788152,0.910372299248305,0.984251074353759,FALSE,34,61
"P_N-Butylbenzenesulfonamide","P_N-Butylbenzenesulfonamide",0,NA,NA,0,NA,NA,TRUE,34,61
"P_Irgarol-descyclopropyl","P_Irgarol-descyclopropyl",0.111326220305571,0.100599524855385,0.354870764844194,-0.356209908579554,0.0371177540788121,0.209126858346478,FALSE,34,61
"P_N,N-Dimethyldodecylamine","P_N,N-Dimethyldodecylamine",0,NA,NA,0.187792149412989,0.0827205131751597,0.326523777349762,FALSE,34,61
"P_Ethyl 3-(N-butylacetamido)propionate","P_Ethyl 3-(N-butylacetamido)pr",0.927899773171376,1.06472776398053e-06,1.70356442236884e-05,-0.294509009705873,0.00899152817711803,0.127511771781338,FALSE,34,61
"P_1,2,3,4-tetrahydro-6-methoxy-1-oxo-beta-carboline","P_1,2,3,4-tetrahydro-6-methoxy",-0.17509635793526,0.374053293091401,0.683983164509991,0.462667281440194,0.105519591156851,0.369318569048977,FALSE,34,61
"P_N-Acetylarginine; CE10; SNEIUMQYRCDYCH-LURJTMIESA-N","P_N-Acetylarginine",-0.257204223618263,0.6892936118844,0.899911458454984,0,NA,NA,FALSE,34,61
"P_(R)-2-amino-3-(1H-indol-3-yl)-N-methylpropanamide oxalate","P_(R)-2-amino-3-(1H-indol-3-yl",-0.827486187153916,0.337671119639498,0.660596775539281,-0.824870544059195,0.616531021276019,0.847727684778072,TRUE,34,61
"P_Propionylcarnitine","P_Propionylcarnitine",-0.0917836148941689,0.487166754098728,0.755192753758582,0.492176027245534,0.218511751871766,0.563980052317072,FALSE,34,61
"P_(Z)-2-((Z)-1-(hydroxyimino)ethyl)-6,6-dimethylbicyclo[3.1.0]hexan-3-one oxime","P_(Z)-2-((Z)-1-(hydroxyimino)e",0.635162147842021,0.0935629921768855,0.343560661539963,-1.22553598978016,0.0698706454983776,0.29614897449771,FALSE,34,61
"P_methyl 2-(2-amino-4-hydroxy-6-methylpyrimidin-5-yl)acetate","P_methyl 2-(2-amino-4-hydroxy-",0.267327437502345,0.891932682463113,0.967520197926089,1.05640925453904,0.0640882815314902,0.283838973877537,TRUE,34,61
"P_Pantothenic acid","P_Pantothenic acid",0.220148510423684,0.48231407406426,0.755192753758582,-0.51542729114778,0.185617437981366,0.501492727177725,FALSE,34,61
"P_Syringic acid","P_Syringic acid",0,0.158975542111965,0.447931087208556,-0.353533558172948,0.600233628929314,0.847727684778072,FALSE,34,61
"P_N-ACETYL-D-GALACTOSAMINE","P_N-ACETYL-D-GALACTOSAMINE",-1.26511357389506,0.0760744888292659,0.304297955317064,-0.284040733836573,0.236446764524211,0.57493897479045,TRUE,34,61
"P_Tetraglyme","P_Tetraglyme",2.58033070028868,1.29538117709687e-08,7.06073899707287e-07,-0.257181721968394,0.0527499451293244,0.256531312102609,FALSE,34,61
"P_Carnosine","P_Carnosine",0,NA,NA,-0.277982135199725,0.563013314262623,0.841786897052853,FALSE,34,61
"P_N,N-Dimethyldodecylamine N-oxide","P_N,N-Dimethyldodecylamine N-o",-0.193079515374851,0.018463736205164,0.131297679681166,-0.427488305275691,0.161127549771317,0.474146038180564,TRUE,34,61
"P_Butyryl carnitine (isomer of 920)","P_Butyryl carnitine (isomer of",-0.139873671895728,0.5269196692454,0.778879777282084,0,NA,NA,FALSE,34,61
"P_Pentaethylene glycol","P_Pentaethylene glycol",0.969588936045067,2.6927897459433e-06,4.15989588338826e-05,-0.0903035995752042,0.303645422231841,0.652484581726095,FALSE,34,61
"P_securinine","P_securinine",-0.0798882644430243,0.41275922706452,0.722340094056625,-0.2060722627091,0.278810746069043,0.634538629870045,TRUE,34,61
"P_Anserine","P_Anserine",0,NA,NA,0,NA,NA,TRUE,34,61
"P_(4R,4aS,6R)-6-isopropenyl-4,4a-dimethyl-4,4a,5,6,7,8-hexahydro-2(3H)-naphthalenone","P_(4R,4aS,6R)-6-isopropenyl-4,",0.0204246332474689,0.627526672186144,0.851914997392099,-0.471822323059019,0.3616651804741,0.705018199911537,FALSE,34,61
"P_dioctylamine","P_dioctylamine",-0.731655776917425,5.90032325453933e-06,8.52691876785038e-05,0.191389644079184,0.984515277181059,1,FALSE,34,61
"P_N-lauroylethanolamine","P_N-lauroylethanolamine",-0.31277074470951,0.0196536809816127,0.135459216611731,-0.63121269413098,0.0155935715871047,0.148330477269233,TRUE,34,61
"P_Ribavirin","P_Ribavirin",0.849375766343773,0.193475725267465,0.496466769736095,-0.052415224514796,0.735584101908174,0.901431976343705,FALSE,34,61
"P_Thermopsine","P_Thermopsine",0.435686383551452,0.22884960425103,0.54826001446236,-0.0393818662833816,0.996902868782583,1,FALSE,34,61
"P_N-Acetyltryptophan","P_N-Acetyltryptophan",0.0280267892032384,0.616555691529895,0.842124846967661,-0.0229278529415105,0.978318446211791,1,FALSE,34,61
"P_Isoleucylaspartate","P_Isoleucylaspartate",-0.317497572408534,0.855237954868667,0.960267177396398,-0.108983726702181,0.959592890049838,0.996034158423635,TRUE,34,61
"P_Octopine","P_Octopine",0.357405414886401,0.0905553982043176,0.338073486629452,-0.328730322735606,0.855237954868667,0.96730727534732,FALSE,34,61
"P_Tryptophan betaine; CE10; AOHCBEAZXHZMOR-ZDUSSCGKSA-N","P_Tryptophan betaine",0,NA,NA,-0.456407128505745,0.311002564131056,0.662134491375797,FALSE,34,61
"P_Lupanine","P_Lupanine",0,0.557313525351414,0.798363000366049,0,NA,NA,TRUE,34,61
"P_cordycepin","P_cordycepin",0.358053035727313,0.759106417571091,0.919135246062164,0.00901222537995139,0.935032038568649,0.986266670818986,TRUE,34,61
"P_Cybutryne","P_Cybutryne",0.320601851942712,0.962826312494635,0.989326119260543,-0.575361771006968,0.020064947684676,0.15982768672966,FALSE,34,61
"P_Anabasamine","P_Anabasamine",-0.390566155414398,0.353551039599802,0.671147736189454,-0.32394277058555,0.147653507189292,0.457824968600355,TRUE,34,61
"P_Daidzein","P_Daidzein",-0.806542822288232,0.127133581550304,0.412723511119826,-2.34398141539653,0.0550271127618269,0.264817980166292,TRUE,34,61
"P_5-butyl-3-methyl-7H-furo[3,2-g]chromen-7-one","P_5-butyl-3-methyl-7H-furo[3,2",-0.00830107646812195,0.311002564131056,0.656879030521938,-0.26570305031818,0.127133581550304,0.422559098390218,TRUE,34,61
"P_BETAINE","P_BETAINE",-0.930122039173849,0.147305417339012,0.438071332588098,-0.0540348817227851,0.5269196692454,0.811456290637916,TRUE,34,61
"P_sn-Glycero-3-phosphocholine","P_sn-Glycero-3-phosphocholine",0.239159057638886,0.735584101908174,0.912857832838953,-0.356090299979332,0.611101940174674,0.847727684778072,FALSE,34,61
"P_N,N-Dimethyltetradecylamine-N-oxide","P_N,N-Dimethyltetradecylamine-",-0.263724406978412,0.00433030690397455,0.0431106109551245,-0.420464248962322,0.0400325397071367,0.217588627584672,TRUE,34,61
"P_Hexanoyl-L-Carnitine","P_Hexanoyl-L-Carnitine",0.171983482827198,0.532002705018567,0.778879777282084,0.00239493180692563,0.978322694487148,1,TRUE,34,61
"P_NCGC00380330-01!2-(6-methyl-7-oxooctyl)-2H-furan-5-one [IIN-based on: CCMSLIB00000848756]","P_NCGC00380330-01!2-(6-methyl-",1.48639648441577,0.056662032499254,0.251332579798671,0.0921373406739043,0.812825161277082,0.952922927596085,TRUE,34,61
"P_Olaquindox","P_Olaquindox",0,0.90299304416762,0.973775270427223,0.777153123010113,0.464530576106039,0.788966153468254,FALSE,34,61
"P_MMV688514","P_MMV688514",-0.39116848099555,0.765023990541973,0.921319214416139,0.550909728184902,0.616555691529895,0.847727684778072,FALSE,34,61
"P_Vitamin B1","P_Vitamin B1",14.5550084575926,0.318191175691531,0.656879030521938,0,NA,NA,FALSE,34,61
"P_Phenylacetylglutamine","P_Phenylacetylglutamine",0.443711056115713,0.0456008492050093,0.22954135330162,-0.203390996335642,0.292828238447297,0.647304527094025,FALSE,34,61
"P_Tri-isobutylphosphate","P_Tri-isobutylphosphate",1.54018062924664,8.07171122808526e-07,1.33930615932674e-05,1.10728161692887,0.000609097694290224,0.0312670149735648,TRUE,34,61
"P_Atenolol","P_Atenolol",-2.70325732520381,0.0350514075922312,0.189196585267568,0,NA,NA,FALSE,34,61
"P_Adenosine","P_Adenosine",0.163233994739937,0.501881656070511,0.770010212053387,-0.176920185482686,0.239534345088495,0.579397211680024,FALSE,34,61
"P_Atenolol acid","P_Atenolol acid",-0.0456310507520712,0.666564804755765,0.886115823532887,-0.842535635803484,0.00966635231709611,0.127511771781338,TRUE,34,61
"P_Metoprolol","P_Metoprolol",-14.609134823076,0.171783897437151,0.466419309405114,-1.05956160441835,0.697056242944188,0.877381386348957,TRUE,34,61
"P_Inosine","P_Inosine",0.281442798675023,0.408349037746181,0.722340094056625,0.0333286556313155,0.633042211465267,0.847727684778072,TRUE,34,61
"P_Hypaphorine","P_Hypaphorine",-0.585193719486934,0.33765421294457,0.660596775539281,-0.178044175499995,0.660929109343237,0.852930861778144,TRUE,34,61
"P_MMV006372","P_MMV006372",11.1065629404449,0.0407748631427825,0.209967111355938,-0.6036493983129,0.206656342995796,0.54366703465724,FALSE,34,61
"P_Genistein","P_Genistein",-1.90750562007849,0.156462789095106,0.446677932213043,-2.67112769756481,0.0143685670564326,0.144310390871127,TRUE,34,61
"P_(E)-5-hydroxy-3-isobutyl-6-(3-methylbenzylidene)-1,6-dihydropyrazin-2(3H)-one","P_(E)-5-hydroxy-3-isobutyl-6-(",-0.498417443646193,0.463168755442603,0.754544008866495,0.147915665272006,0.649715465483723,0.852751548447387,FALSE,34,61
"P_N-ACETYLNEURAMINATE","P_N-ACETYLNEURAMINATE",0,NA,NA,-0.259975039559606,0.969036277681628,1,FALSE,34,61
"P_Lauryldiethanolamine","P_Lauryldiethanolamine",-0.180477425669615,0.0180813480863591,0.130652321656272,-0.676725522054348,0.349537467832509,0.693074292440425,TRUE,34,61
"P_Oleamide","P_Oleamide",-0.231276855303324,0.0261345018627918,0.162614678257371,-0.328000137199453,0.163460781226712,0.474961515262522,TRUE,34,61
"P_Hexaethylene glycol; CE10; IIRDTKBZINWQAW-UHFFFAOYSA-N","P_Hexaethylene glycol",0.423916887166552,6.58622760342076e-06,9.22071864478906e-05,-0.0983158270674416,0.0869290254340269,0.331910824384467,FALSE,34,61
"P_Piperine","P_Piperine",0.0387546399537335,0.477487790474974,0.755192753758582,0.871180792599851,0.173048811180662,0.490481906536599,TRUE,34,61
"P_Viridiflorine","P_Viridiflorine",0.336657783668763,0.329905763096955,0.656879030521938,0,NA,NA,FALSE,34,61
"P_Lauryl diethanolamide","P_Lauryl diethanolamide",-1.02638150188814,6.98079138941571e-08,1.83964384850485e-06,0.351113812779072,0.084104609317363,0.326523777349762,FALSE,34,61
"P_EC (C)","P_EC (C)",0,0.918413915459937,0.974998659066473,-0.157110984713707,0.891932682463113,0.96730727534732,FALSE,34,61
"P_Exemestane","P_Exemestane",0.34555703435327,0.812386481242863,0.945322450900786,0.337718885328211,0.843071592954535,0.964106623626226,TRUE,34,61
"P_5'-S-Methylthioadenosine","P_5'-S-Methylthioadenosine",0.613615844749603,0.0306104486268325,0.171872511674623,-0.248953326575286,0.0883696785189256,0.33464583176839,FALSE,34,61
"P_1-Methylguanosine","P_1-Methylguanosine",0.346730202377632,0.329210688244286,0.656879030521938,-0.419637322771376,0.081354936185744,0.324017073429429,FALSE,34,61
"P_2,2'-(Tetradecylimino)diethanol","P_2,2'-(Tetradecylimino)dietha",-5.16769517734696,0.757930655335575,0.919135246062164,-1.2334134627273,0.0365778975790289,0.209126858346478,TRUE,34,61
"P_4-hydroxy-1'-methylspiro[benzo[e][1,3]oxazine-2,3'-indolin]-2'-one","P_4-hydroxy-1'-methylspiro[ben",0.188428333299036,0.169279782170884,0.465259769402185,0,NA,NA,FALSE,34,61
"P_Gastrodin","P_Gastrodin",-1.4383546805088,0.61094100703491,0.842124846967661,-2.68730709011567,0.00387854314812783,0.0716754773774023,TRUE,34,61
"P_N2,N2-Dimethylguanosine","P_N2,N2-Dimethylguanosine",-0.00899647282089688,0.824886907044622,0.947562395784591,-0.128273266045202,0.627526672186144,0.847727684778072,TRUE,34,61
"P_Heliotrine","P_Heliotrine",-7.64553137610939,0.136568298781499,0.416208148667426,-2.02647675129302,0.0277418898937044,0.184125233327478,TRUE,34,61
"P_Phytosphingosine (not validated, isomer of 1696)","P_Phytosphingosine (not valida",0,NA,NA,-0.132536213902306,0.672219382956811,0.860402102090122,FALSE,34,61
"P_Jaceosidin","P_Jaceosidin",0,0.030691519941897,0.171872511674623,0,0.275669055101366,0.633627380382243,TRUE,34,61
"P_Erucamide","P_Erucamide",0.462057043440382,0.0350520459312683,0.189196585267568,-0.0623709473959053,0.180511303749751,0.499378576840627,FALSE,34,61
"P_Torasemide","P_Torasemide",0,0.345190524452817,0.664410801242308,-0.0284882158667727,0.918566423501902,0.984251074353759,FALSE,34,61
"P_Erucifoline","P_Erucifoline",0,0.0900256652375155,0.338073486629452,1.19450885143105,0.744414355664802,0.90382227184806,FALSE,34,61
"P_SUCROSE","P_SUCROSE",0.39315726086188,0.978288104779588,0.989364711354949,-0.299065438828507,0.182965361684802,0.500370204051742,FALSE,34,61
"P_TREHALOSE","P_TREHALOSE",0,NA,NA,0.213871302445657,0.600259140351945,0.847727684778072,FALSE,34,61
"P_coniferin","P_coniferin",1.23177902670158,0.0586573688231803,0.257632365027302,-0.65411001928851,0.134981562585911,0.433065846629796,FALSE,34,61
"P_(1S,3R,6S,6aR,6bR,8S,9S,11R,11aR,12R,12aR,14R)-1-ethyl-6,8,11-trihydroxy-3-methyl-10-methylenetetradecahydro-3,6a,12-(epiethane[1,1,2]triyl)-9,11a-methanoazuleno[2,1-b]azocine 1-oxide","P_(1S,3R,6S,6aR,6bR,8S,9S,11R,",0.258060668974416,0.568265293442785,0.80057500459864,-0.377799627274296,0.0236342003009561,0.170609383422527,FALSE,34,61
"P_N-(4-((6aR,8aS)-4-hydroxy-6a,8a,9-trimethyl-3,4,5,6,6a,6b,7,8,8a,8b,11a,12,12a,12b-tetradecahydro-1H-naphtho[2',1':4,5]indeno[2,1-b]furan-10-yl)-2-methylbutyl)acetamide","P_N-(4-((6aR,8aS)-4-hydroxy-6a",-5.25736018018204,0.000931512510544849,0.0109758229731984,-1.65320920184744,0.000183328322546766,0.0169395370033212,TRUE,34,61
"N_Propionic acid","N_Propionic acid",0.0376230234573534,0.849150282676132,0.9558274538666,0.0128615474013039,0.873551317021184,0.96730727534732,TRUE,34,61
"N_1,4-Butynediol","N_1,4-Butynediol",0.110101843080152,0.412765768032357,0.722340094056625,-0.369249643990212,0.255398431701537,0.59895469769599,FALSE,34,61
"N_Beta-Alanine","N_Beta-Alanine",0.33691147940624,0.0990007420460894,0.354870764844194,0.874034892414414,0.0527499451293244,0.256531312102609,TRUE,34,61
"N_Lactic acid","N_Lactic acid",0,NA,NA,0,NA,NA,TRUE,34,61
"N_(S)-LACTATE","N_(S)-LACTATE",0.112993173045403,0.516828498673734,0.778879777282084,-0.524396852006372,6.35166868057882e-07,0.000293447093042741,FALSE,34,61
"N_3-Hydroxypropanoic acid","N_3-Hydroxypropanoic acid",-0.35912762690495,0.782855421635785,0.922945339191662,-0.933786689001678,0.00208270015423131,0.0566004394855803,TRUE,34,61
"N_2-Ketobutyric acid","N_2-Ketobutyric acid",0,NA,NA,0.100376579907607,0.978322694487148,1,FALSE,34,61
"N_Acetoacetic acid","N_Acetoacetic acid",-0.440634754586895,0.115931146858073,0.384719657721607,0.00950884355222215,0.729740879811717,0.899040763928035,FALSE,34,61
"N_DL-3-Aminoisobutyric acid","N_DL-3-Aminoisobutyric acid",0.370910792650697,0.0760744888292659,0.304297955317064,0.131480571348348,0.959754274127329,0.996034158423635,TRUE,34,61
"N_2-HYDROXYBUTYRIC ACID","N_2-HYDROXYBUTYRIC ACID",0.548362030340993,0.0217860383324265,0.147880987468592,0.225287157548177,0.959754274127329,0.996034158423635,TRUE,34,61
"N_DL-beta-Hydroxybutyric acid","N_DL-beta-Hydroxybutyric acid",0,NA,NA,0.101465839505284,0.255398431701537,0.59895469769599,FALSE,34,61
"N_3-HYDROXYBUTANOIC ACID","N_3-HYDROXYBUTANOIC ACID",-0.745636714679105,0.5269196692454,0.778879777282084,0.710487361923121,0.0137062229545288,0.140717222333162,FALSE,34,61
"N_Serine","N_Serine",-0.0366238545332571,0.972131417943475,0.989364711354949,0.23221292147354,0.177997700150616,0.498393560421726,FALSE,34,61
"N_BENZYL ALCOHOL","N_BENZYL ALCOHOL",-0.56352962887955,0.14549409130994,0.437458744341298,-0.549809953772183,0.00173311269112574,0.0533798708866728,TRUE,34,61
"N_Catechol","N_Catechol",0.409703090601113,0.292828238447297,0.638106875568018,-0.66130556170269,0.00202908377477017,0.0566004394855803,FALSE,34,61
"N_Cytosine","N_Cytosine",0,NA,NA,-0.185974802298155,0.039286216586532,0.216074191225926,FALSE,34,61
"N_CYTOSINE","N_CYTOSINE",0,NA,NA,-0.14801297865278,0.102218817862394,0.363269952710969,FALSE,34,61
"N_Uracil","N_Uracil",0.192718161054366,0.81885368453603,0.945480542969437,-0.348630421476191,0.224378154766203,0.564716030729362,FALSE,34,61
"N_Creatinine","N_Creatinine",0.889695671056916,0.059752057239708,0.259892443139701,0,NA,NA,FALSE,34,61
"N_L-Proline","N_L-Proline",-0.162460132975117,0.879671362382444,0.961201878895939,0.520658747647367,0.227353207176756,0.564716030729362,FALSE,34,61
"N_Maleic acid","N_Maleic acid",0.065106075058253,0.916530083531633,0.974998659066473,-0.194066367285846,0.885798604612106,0.96730727534732,FALSE,34,61
"N_N-Acetylglycine","N_N-Acetylglycine",-0.134406546989759,0.374053293091401,0.683983164509991,0.328735570576054,0.143358940697102,0.450556670762322,FALSE,34,61
"N_L-Norvaline","N_L-Norvaline",-0.0797618739677404,0.81885368453603,0.945480542969437,0.462891316770644,0.0943258066281596,0.345861290969919,FALSE,34,61
"N_Valine","N_Valine",-0.0018600051108173,0.718101695584044,0.908440229962794,-0.172587959643174,0.516828498673734,0.809060508364964,TRUE,34,61
"N_Succinic acid","N_Succinic acid",0,NA,NA,0.108047384211364,0.627526672186144,0.847727684778072,FALSE,34,61
"N_Erythronolactone","N_Erythronolactone",0.386430422542173,0.0723004491885641,0.299912974411821,-0.101434203504876,0.345552939038968,0.691105878077936,FALSE,34,61
"N_Threonine","N_Threonine",-0.18803951574581,0.133042033653952,0.413908549145628,0.528427374388059,0.0231598431207609,0.169838849552247,FALSE,34,61
"N_Benzoic acid","N_Benzoic acid",0,NA,NA,-0.0919071997315655,0.511820722576504,0.807034722970461,FALSE,34,61
"N_Orcinol","N_Orcinol",-0.205015052756611,0.453755699066811,0.754544008866495,-0.48302997716581,0.163460781226712,0.474961515262522,TRUE,34,61
"N_Benzene-1,2,4-triol","N_Benzene-1,2,4-triol",0.217794007483874,0.972131417943475,0.989364711354949,-0.547731952115317,0.123309443179214,0.412818570643457,FALSE,34,61
"N_Pyrogallol","N_Pyrogallol",0.782063554123877,0.0855073912104216,0.327412916771529,-0.609542003099278,0.058706875809931,0.276760985961103,FALSE,34,61
"N_Citraconic acid","N_Citraconic acid",0.179655785965824,0.0786786733617062,0.31192960766411,0,NA,NA,FALSE,34,61
"N_3-methyl-2-oxovaleric acid","N_3-methyl-2-oxovaleric acid",0,NA,NA,0.262691141263137,0.333773874445948,0.679310704819507,FALSE,34,61
"N_N-Acetylalanine","N_N-Acetylalanine",0.168917302417235,0.242650247022979,0.567608011280161,0.516947192127564,0.0115048399739202,0.129639904096369,TRUE,34,61
"N_Creatine","N_Creatine",0.0902450858662966,0.487166754098728,0.755192753758582,0.408908905834121,0.729740879811717,0.899040763928035,TRUE,34,61
"N_Leucine","N_Leucine",0,NA,NA,0.266177791847479,0.0928074148616155,0.343016205328531,FALSE,34,61
"N_L-Leucine","N_L-Leucine",-0.200244439509728,0.190829597515886,0.496466769736095,0.441767170142317,0.0958640480779907,0.3487337811971,FALSE,34,61
"N_Glutaric acid","N_Glutaric acid",0.060220554030078,0.953569151439274,0.982066620332862,0.0500760220566541,0.891932682463113,0.96730727534732,TRUE,34,61
"N_Ribose","N_Ribose",-0.314710631171888,0.17551024384024,0.473666200243538,-0.00301636892943691,0.794807385772766,0.936737276089331,TRUE,34,61
"N_Hydroxyisocaproic acid","N_Hydroxyisocaproic acid",0.138047028543077,0.0556620498417845,0.249365983291195,0.185036762335493,0.435261800704595,0.755981022276402,TRUE,34,61
"N_Ornithine","N_Ornithine",0.0832800318304834,0.759107234470984,0.919135246062164,0.551496265089707,0.077367654508517,0.319141574847633,TRUE,34,61
"N_D-ASPARTATE","N_D-ASPARTATE",0.57326301759565,0.296404849595263,0.638410445282105,-0.282701810220065,0.86133425537221,0.96730727534732,FALSE,34,61
"N_L-beta-Homothreonine","N_L-beta-Homothreonine",-0.016915326461497,0.990708793008128,0.992925143775484,-0.00902374545167106,0.855237954868667,0.96730727534732,TRUE,34,61
"N_D-(+)-Malic acid","N_D-(+)-Malic acid",0,NA,NA,0.208652271878538,0.765023990541973,0.915650475726403,FALSE,34,61
"N_Dihydroxy-Valerate","N_Dihydroxy-Valerate",0,NA,NA,-0.323597806071849,0.177997700150616,0.498393560421726,FALSE,34,61
"N_Threonic acid","N_Threonic acid",0.183507027145886,0.0698706454983776,0.292542515731525,0,NA,NA,FALSE,34,61
"N_Allopurinol","N_Allopurinol",0.159543617259835,0.898073233461,0.97182804007374,0.242739107981112,0.382456086757351,0.719640654655802,TRUE,34,61
"N_Hypoxanthine","N_Hypoxanthine",0,NA,NA,-0.696759042881126,0.0618887455679201,0.277598062644457,FALSE,34,61
"N_Salicylic acid","N_Salicylic acid",0,NA,NA,-0.558428362702365,0.337671119639498,0.684228321374773,FALSE,34,61
"N_4-hydroxy-benzoate","N_4-hydroxy-benzoate",0,NA,NA,0.318578022025751,0.60566967596724,0.847727684778072,FALSE,34,61
"N_Urocanic acid","N_Urocanic acid",-0.177886119495749,0.695020903181751,0.899911458454984,-0.77170082788378,0.000222948221519823,0.0171670130570263,TRUE,34,61
"N_cis,cis-Muconic acid","N_cis,cis-Muconic acid",0.158096716590816,0.382456086757351,0.696505393769484,-1.11614073553218,0.00129124085933444,0.0497127730843758,FALSE,34,61
"N_4-Hydroxyquinoline","N_4-Hydroxyquinoline",-0.0747358220932348,0.141247909918027,0.427561240832947,-0.240907067806159,0.996902868782583,1,TRUE,34,61
"N_4-ACETAMIDOBUTANOATE","N_4-ACETAMIDOBUTANOATE",-0.215742341248014,0.644138058194359,0.869198343587569,-0.0197052009891827,0.735584101908174,0.901431976343705,TRUE,34,61
"N_4-Acetamidobutyric acid","N_4-Acetamidobutyric acid",0.438247037298773,0.0350520459312683,0.189196585267568,-0.303938983101656,0.928860321251599,0.984251074353759,FALSE,34,61
"N_ALPHA-KETOGLUTARIC ACID","N_ALPHA-KETOGLUTARIC ACID",0.868345994976231,0.0134120929662554,0.107296743730043,0.0999676615604308,0.867438828484102,0.96730727534732,TRUE,34,61
"N_adipic acid","N_adipic acid",-0.0948705457844063,0.953569151439274,0.982066620332862,-0.0755661189353845,0.408350677955625,0.734077872433847,TRUE,34,61
"N_ADIPIC ACID","N_ADIPIC ACID",-0.371070964363877,0.0464472574413262,0.231204125930157,0.0872375192899746,0.633043400970638,0.847727684778072,FALSE,34,61
"N_Glutamine","N_Glutamine",0.0192120949907739,0.616555691529895,0.842124846967661,0.441552559663933,0.0898295169159527,0.337408429391627,TRUE,34,61
"N_O-ACETYL-L-SERINE","N_O-ACETYL-L-SERINE",0.270601743861615,0.129079945360257,0.413908549145628,0.337843928107969,0.252168569735834,0.59895469769599,TRUE,34,61
"N_L-Glutamic acid","N_L-Glutamic acid",0.0740861797039543,0.501881656070511,0.770010212053387,-0.513128291011167,0.885798604612106,0.96730727534732,FALSE,34,61
"N_Citramalic acid","N_Citramalic acid",0,NA,NA,0,NA,NA,TRUE,34,61
"N_DL_Alfa_hydroxyglutaric_acid","N_DL_Alfa_hydroxyglutaric_acid",0.361503860383245,0.185617437981366,0.492050959855928,-0.267461859037752,0.0869290254340269,0.331910824384467,FALSE,34,61
"N_citramalic acid","N_citramalic acid",0.036976959743594,0.3616651804741,0.680781516186541,0.223550827393673,1,1,TRUE,34,61
"N_(S,S)-TARTARIC ACID","N_(S,S)-TARTARIC ACID",0.674201072297492,0.103858785341574,0.357913352561731,0.669380277810458,0.261944144674847,0.6081316323607,TRUE,34,61
"N_D-RIBOSE","N_D-RIBOSE",-0.135792875285556,0.221431031747181,0.533339259262027,-0.119240300960168,0.365765674418589,0.708248448394375,TRUE,34,61
"N_Xylose","N_Xylose",-0.20405798662097,0.278812428276232,0.61531018654065,-0.236354482306911,0.386700535062819,0.719640654655802,TRUE,34,61
"N_Paracetamol","N_Paracetamol",0.457861410300509,0.185617437981366,0.492050959855928,-0.319954393811237,0.0618887455679201,0.277598062644457,FALSE,34,61
"N_Xanthine","N_Xanthine",0.564705642911651,0.100599524855385,0.354870764844194,0,NA,NA,FALSE,34,61
"N_4-hydroxyphenylacetic acid","N_4-hydroxyphenylacetic acid",0.42171895469906,0.729740879811717,0.912857832838953,-0.625812468244924,0.000405899828261421,0.0234407150820971,FALSE,34,61
"N_Atranol","N_Atranol",-0.181728338120738,0.616555691529895,0.842124846967661,-0.126518104259741,0.753204547392253,0.908565276488827,TRUE,34,61
"N_(R)-(-)-mandelic acid","N_(R)-(-)-mandelic acid",-0.223329418738217,0.695020903181751,0.899911458454984,-0.237222156571946,0.282272841275796,0.639264964065773,TRUE,34,61
"N_2-Hydroxyphenylacetic acid","N_2-Hydroxyphenylacetic acid",-0.748348807843072,0.0246082563770763,0.157492840813288,-0.390524251345198,0.0173373285119883,0.148330477269233,TRUE,34,61
"N_Ribitol","N_Ribitol",0.193446930525813,0.430706835874038,0.733675522705585,-0.429991221087647,0.0499662867524317,0.250917657387212,FALSE,34,61
"N_5-Chlorobenzotriazole","N_5-Chlorobenzotriazole",-0.396467756518877,0.374053293091401,0.683983164509991,-0.611133313426159,0.444398848496004,0.766090552258037,TRUE,34,61
"N_5-Aminosalicylic?acid","N_5-Aminosalicylic?acid",-1.02122819153021,0.13505806377882,0.414424743650078,-0.409684668151801,0.04730685211794,0.242841840872092,TRUE,34,61
"N_3,4-Dihydroxybenzoic acid","N_3,4-Dihydroxybenzoic acid",0.343213574368516,0.345552939038968,0.664410801242308,-0.564060843037851,0.00329870754036309,0.0635001201519894,FALSE,34,61
"N_ProtocatechicAcid","N_ProtocatechicAcid",-0.0439280182890442,0.879671362382444,0.961201878895939,-0.587427316974551,0.00225144188426177,0.0576478662957135,TRUE,34,61
"N_2_6_dihydroxybenzoic_acid","N_2_6_dihydroxybenzoic_acid",-0.282707213592293,0.753204547392253,0.919135246062164,-0.563333192212333,0.0149404874733792,0.146861813036195,TRUE,34,61
"N_L-Histidine","N_L-Histidine",0.235293357716024,0.60566967596724,0.837469181584331,0.656274339948091,0.292828238447297,0.647304527094025,TRUE,34,61
"N_Histidine","N_Histidine",-0.3649527420326,0.329905763096955,0.656879030521938,0.0777755125238109,0.492045680888391,0.797631945861181,FALSE,34,61
"N_Benzenesulfonic acid","N_Benzenesulfonic acid",1.01182489894842,0.0385517407944007,0.203190351481077,0.192981659182372,0.616555691529895,0.847727684778072,TRUE,34,61
"N_Allantoin","N_Allantoin",-0.211538256303129,0.374053293091401,0.683983164509991,-0.346803310507443,0.430706835874038,0.750892672353983,TRUE,34,61
"N_Pimelic acid","N_Pimelic acid",-1.57799573776819,0.13505806377882,0.414424743650078,0.118750999661852,0.627526672186144,0.847727684778072,FALSE,34,61
"N_6-CARBOXYHEXANOATE","N_6-CARBOXYHEXANOATE",-0.542693870000377,0.198848635704279,0.500472970761332,-0.667698769984195,0.403963836365994,0.731887421180742,TRUE,34,61
"N_3-Methyladipic acid","N_3-Methyladipic acid",-0.0304432867021198,0.48231407406426,0.755192753758582,-0.293657150615502,0.081354936185744,0.324017073429429,TRUE,34,61
"N_L-2-Aminoadipic acid","N_L-2-Aminoadipic acid",0.0995272653771764,0.322256992691108,0.656879030521938,0.262909003007408,0.86133425537221,0.96730727534732,TRUE,34,61
"N_ALPHA-AMINOADIPATE","N_ALPHA-AMINOADIPATE",0.0646175893096377,0.521861540027617,0.778879777282084,0.0471914516262792,0.532002705018567,0.816266557588727,TRUE,34,61
"N_D-TAGATOSE","N_D-TAGATOSE",-0.0674597253437703,0.467914991450869,0.755192753758582,-0.0636332149468011,0.616555691529895,0.847727684778072,TRUE,34,61
"N_ALLOSE","N_ALLOSE",0.0430843858680134,0.891932682463113,0.967520197926089,-0.213883306382144,0.439844439164333,0.761079141924801,FALSE,34,61
"N_Hydroxymethylglutaric acid","N_Hydroxymethylglutaric acid",-0.135303794594183,0.723913308251601,0.908440229962794,-0.18445547956491,0.412765768032357,0.736284883517177,TRUE,34,61
"N_3-HYDROXY-3-METHYLGLUTARATE","N_3-HYDROXY-3-METHYLGLUTARATE",0.525024723948814,0.412765768032357,0.722340094056625,0,NA,NA,FALSE,34,61
"N_Acesulfame","N_Acesulfame",0,NA,NA,-17.4027160296383,0.0255541001915358,0.179318319415477,FALSE,34,61
"N_phenyl pyruvic acid","N_phenyl pyruvic acid",0.480701720117452,0.100599524855385,0.354870764844194,-0.251898959920926,0.0282963020914523,0.184125233327478,FALSE,34,61
"N_P-Coumaric acid","N_P-Coumaric acid",0.468054890238214,0.463168755442603,0.754544008866495,-0.641551184683415,0.0162716435307531,0.148330477269233,FALSE,34,61
"N_Phthalic acid","N_Phthalic acid",-0.227670667644695,0.221431031747181,0.533339259262027,0.00784083977749717,0.81885368453603,0.952922927596085,FALSE,34,61
"N_3-Methylxanthine","N_3-Methylxanthine",-0.372337837338243,0.121431357283459,0.397089401919632,-1.19912141297007,0.154278781179032,0.468926295425741,TRUE,34,61
"N_3-(3-Hydroxyphenyl)propionic acid","N_3-(3-Hydroxyphenyl)propionic",-0.277890661903239,0.236446764524211,0.563447609078971,-0.493343937914126,0.584160265638569,0.847727684778072,TRUE,34,61
"N_3-Phenyllactic acid","N_3-Phenyllactic acid",0.393047002224396,0.0546768135982754,0.249365983291195,0,NA,NA,FALSE,34,61
"N_2,3-Pyridinedicarboxylic acid","N_2,3-Pyridinedicarboxylic aci",-0.471629913856706,0.48231407406426,0.755192753758582,0.0754068327851414,0.922692880079808,0.984251074353759,FALSE,34,61
"N_Quinolinic acid","N_Quinolinic acid",1.50545770732621,0.879671362382444,0.961201878895939,0.490055177232811,0.353551039599802,0.698036667927814,TRUE,34,61
"N_URATE","N_URATE",0.259296927428935,0.193475725267465,0.496466769736095,-0.200772343402733,0.292828238447297,0.647304527094025,FALSE,34,61
"N_Vanillic acid","N_Vanillic acid",0.291863084285445,0.152045709994432,0.444432530962231,-0.832969446777795,0.00112701078027635,0.0473344527716069,FALSE,34,61
"N_furoylglycine","N_furoylglycine",-0.21359782235622,0.563013314262623,0.80057500459864,-0.744350589639911,0.695020903181751,0.877321467950735,TRUE,34,61
"N_Gallic acid","N_Gallic acid",0,NA,NA,-0.743799617155972,0.0105266268874399,0.127511771781338,FALSE,34,61
"N_GallicAcid","N_GallicAcid",0.385612793930431,0.000955484589184682,0.0109758229731984,-1.21685739391076,9.88762155614612e-05,0.0114202028973488,FALSE,34,61
"N_1,4-Cyclohexanedicarboxylic acid","N_1,4-Cyclohexanedicarboxylic ",2.65190345638863,3.79033747865203e-08,1.30620860802778e-06,-0.0442087914468985,0.421680346096957,0.740746463485909,FALSE,34,61
"N_Sulfanilic acid","N_Sulfanilic acid",0.13571490350143,0.42617965041756,0.731526756272288,-0.158751467683743,0.568265293442785,0.844175451995391,FALSE,34,61
"N_4-Hydroxybenzenesulfonic acid","N_4-Hydroxybenzenesulfonic aci",0.469917677388601,0.196148701435913,0.496466769736095,0,NA,NA,FALSE,34,61
"N_cis-Aconitic acid","N_cis-Aconitic acid",0.316157116247666,0.318476350032744,0.656879030521938,0,NA,NA,FALSE,34,61
"N_trans-Aconitic acid","N_trans-Aconitic acid",-0.387381046645764,0.156536686065732,0.446677932213043,-1.03586476896925,0.0271968701682917,0.184125233327478,TRUE,34,61
"N_SUBERIC ACID","N_SUBERIC ACID",0.528997972492782,0.028860234635478,0.170123488377554,-0.332842452625581,0.333773874445948,0.679310704819507,FALSE,34,61
"N_N-Acetylaspartic acid","N_N-Acetylaspartic acid",-0.748357939607502,0.0481797860571843,0.234614610365419,0.408400943719652,0.594870571193552,0.847727684778072,FALSE,34,61
"N_Indolacetic acid","N_Indolacetic acid",-1.05122466382508,0.195960816514711,0.496466769736095,-0.320013642796731,0.221414864715561,0.564716030729362,TRUE,34,61
"N_L-Citrulline","N_L-Citrulline",-0.0344488054378296,0.879671362382444,0.961201878895939,0.383124702226613,0.14549409130994,0.454177501251301,FALSE,34,61
"N_Ascorbic acid","N_Ascorbic acid",0.860927159151931,0.0431392265134245,0.219617880431979,-0.268244108516825,0.885798604612106,0.96730727534732,FALSE,34,61
"N_2-Isopropylmalic acid","N_2-Isopropylmalic acid",0,NA,NA,0,NA,NA,TRUE,34,61
"N_N-Formyl-L-Methionine","N_N-Formyl-L-Methionine",0.298057475211781,0.700765652733258,0.904734906122477,-0.0821357295872467,0.537110462136305,0.816266557588727,FALSE,34,61
"N_6,7-Dihydroxycoumarin","N_6,7-Dihydroxycoumarin",0.568280022283094,0.824874000467763,0.947562395784591,-0.118745654894575,0.594870571193552,0.847727684778072,FALSE,34,61
"N_HIPPURATE","N_HIPPURATE",0,NA,NA,0,NA,NA,TRUE,34,61
"N_Cyclamate","N_Cyclamate",-0.0997798336281441,0.245794540598998,0.567608011280161,-0.252952075609219,0.329905763096955,0.679310704819507,TRUE,34,61
"N_Caffeic acid","N_Caffeic acid",0.699519860532583,0.131049378286665,0.413908549145628,-0.0528388715268058,0.622030685038432,0.847727684778072,FALSE,34,61
"N_3 hydroxy_Phenyl_PyruvicAcid","N_3 hydroxy_Phenyl_PyruvicAcid",-0.167137560767298,0.830942569480214,0.952077419762496,-0.705415316489916,0.0423440513866339,0.227476183030521,TRUE,34,61
"N_D-Galactose","N_D-Galactose",0,NA,NA,-0.684606194340141,0.0760744888292659,0.319141574847633,FALSE,34,61
"N_Acamprosate","N_Acamprosate",-0.095132898554894,0.770954491698175,0.922945339191662,-0.183589953388427,0.268604867495781,0.620477243915254,TRUE,34,61
"N_L-Tyrosine","N_L-Tyrosine",0.164902318220573,0.42617965041756,0.731526756272288,0.188081530934515,0.477487790474974,0.795304029659408,TRUE,34,61
"N_Homovanillic acid","N_Homovanillic acid",0.0033149781857631,0.978322694487148,0.989364711354949,0,NA,NA,FALSE,34,61
"N_4-Hydroxyphenyllactic acid","N_4-Hydroxyphenyllactic acid",0.239155374316802,0.444454641520105,0.748555185718071,0.195573154857296,0.233387432299285,0.570502612287142,TRUE,34,61
"N_3_24_dihydroxyphenyl_propionic_acid","N_3_24_dihydroxyphenyl_propion",0.300389385132704,0.36989506097167,0.683983164509991,-0.620905623534167,0.00321703006686844,0.0635001201519894,FALSE,34,61
"N_Dulcitol","N_Dulcitol",0,NA,NA,-0.477244614014257,0.097422304784215,0.351633631330526,FALSE,34,61
"N_Saccharin","N_Saccharin",0.75467485585359,0.268598166919642,0.59868149571199,1.4710264077071,0.494615630171403,0.798994479507651,TRUE,34,61
"N_4-Pyridoxic acid","N_4-Pyridoxic acid",-0.260278744168613,0.776883208921792,0.922945339191662,-0.109606529716412,0.329905763096955,0.679310704819507,TRUE,34,61
"N_2,4-Dinitrophenol","N_2,4-Dinitrophenol",-0.0554977251289017,0.990708793008128,0.992925143775484,-0.756043070051529,0.0112530067542925,0.129639904096369,TRUE,34,61
"N_D(-)-3-Phosphoglyceric acid disodium salt","N_D(-)-3-Phosphoglyceric acid ",-0.678954505230195,0.266166237385743,0.59868149571199,-0.0875147843606641,0.421673847785223,0.740746463485909,TRUE,34,61
"N_4-CPA","N_4-CPA",0,0.152773682518267,0.444432530962231,-0.869115554869918,0.000929366554479569,0.0429367348169561,FALSE,34,61
"N_2,5-Dimethylbenzenesulfonic acid","N_2,5-Dimethylbenzenesulfonic ",-5.71528817675392,8.22605000587074e-08,2.04737244590561e-06,-0.757713963173885,0.139133184203351,0.440270760972247,TRUE,34,61
"N_Gabapentin Related Compound E","N_Gabapentin Related Compound ",-0.813550307190908,0.0518079968319856,0.246914708305633,0,NA,NA,FALSE,34,61
"N_1-Hydroxy-2-naphthoic acid","N_1-Hydroxy-2-naphthoic acid",0,NA,NA,0.119082475652881,0.584160265638569,0.847727684778072,FALSE,34,61
"N_Azelaic acid","N_Azelaic acid",0,NA,NA,0,NA,NA,TRUE,34,61
"N_NALPHA-ACETYL-L-LYSINE","N_NALPHA-ACETYL-L-LYSINE",0.839554995033918,0.0364179568660944,0.194229103285837,-0.00199951345148364,0.747316250748829,0.90382227184806,FALSE,34,61
"N_KYNURENIC ACID","N_KYNURENIC ACID",0.006522597390898,0.463168755442603,0.754544008866495,-0.496533266660009,0.627526672186144,0.847727684778072,FALSE,34,61
"N_N-Acetylglutamic acid","N_N-Acetylglutamic acid",0.0044681107205804,0.55778486409503,0.798363000366049,0.265613995199619,0.511820722576504,0.807034722970461,TRUE,34,61
"N_2,5-dihydroxybenzenesulfonate","N_2,5-dihydroxybenzenesulfonat",0.454190376131024,0.42617965041756,0.731526756272288,-0.248985619211691,0.261944144674847,0.6081316323607,FALSE,34,61
"N_Citric acid","N_Citric acid",0,NA,NA,0,NA,NA,TRUE,34,61
"N_QuinicAcid","N_QuinicAcid",0.0797502190255166,0.212756363972931,0.520846180655044,0.673660339750597,0.843071592954535,0.964106623626226,TRUE,34,61
"N_D-(-)-Quinic acid","N_D-(-)-Quinic acid",0.756508993685738,0.00681941336509088,0.0611019437512143,-0.72906249190191,0.0169754896702204,0.148330477269233,FALSE,34,61
"N_Phenylacetylglycine","N_Phenylacetylglycine",-0.0156426458817265,0.928860321251599,0.978331862937625,0.188597298239419,0.677892565283126,0.860402102090122,FALSE,34,61
"N_D(+)-Galacturonic acid","N_D(+)-Galacturonic acid",-0.227537981475791,0.86133425537221,0.961201878895939,-0.153730815935049,0.996902868782583,1,TRUE,34,61
"N_Ferulic acid","N_Ferulic acid",0.0633906599150897,0.337669429025403,0.660596775539281,-0.953168308522319,0.00276447576766227,0.0580539911209077,FALSE,34,61
"N_N-Acetyl Mesalazine","N_N-Acetyl Mesalazine",0,NA,NA,0,NA,NA,TRUE,34,61
"N_4-Hydroxyhippuric acid","N_4-Hydroxyhippuric acid",0.379184598406873,0.268604867495781,0.59868149571199,0.119078682760907,0.86133425537221,0.96730727534732,TRUE,34,61
"N_alpha-Hydroxyhippuric acid","N_alpha-Hydroxyhippuric acid",0.105147808396975,0.953569151439274,0.982066620332862,-0.699236074678726,0.077367654508517,0.319141574847633,FALSE,34,61
"N_D-Gluconic acid","N_D-Gluconic acid",0.142172747810502,0.110628670362245,0.37833316276554,0,NA,NA,FALSE,34,61
"N_dihydroferulic acid","N_dihydroferulic acid",0.67798463826599,0.06137812181467,0.264058647756459,-0.515006429820097,0.487166754098728,0.795304029659408,FALSE,34,61
"N_N-Acetylhistidine","N_N-Acetylhistidine",0.279023121325398,0.390973602421226,0.703438449336181,-0.452707059136305,0.0618887455679201,0.277598062644457,FALSE,34,61
"N_Decanedioic acid","N_Decanedioic acid",0.0529004189822224,0.941207662781509,0.978331862937625,0,NA,NA,FALSE,34,61
"N_Ala-Ile","N_Ala-Ile",-1.40119176079732,0.133036604798359,0.413908549145628,-0.215028986586816,0.521861540027617,0.809060508364964,TRUE,34,61
"N_L-TRYPTOPHANAMIDE","N_L-TRYPTOPHANAMIDE",0.192982516402118,0.239534345088495,0.564796771577083,-0.189891570720718,0.782855421635785,0.929766593305225,FALSE,34,61
"N_Tryptophan","N_Tryptophan",0.680280026874147,0.01924979570467,0.13474856993269,-0.00774486707514299,0.873551317021184,0.96730727534732,FALSE,34,61
"N_Indolelactic acid","N_Indolelactic acid",1.21889132665843,0.0243610387145934,0.157492840813288,-0.13789823642793,0.386700535062819,0.719640654655802,FALSE,34,61
"N_3-Trifluoromethyl-4-nitrophenol","N_3-Trifluoromethyl-4-nitrophe",-0.00888707490131324,0.996902868782583,0.996902868782583,-1.28743852754514,0.00164357922300592,0.0533798708866728,TRUE,34,61
"N_N-ACETYL-L-PHENYLALANINE","N_N-ACETYL-L-PHENYLALANINE",0.367787485744056,0.735584101908174,0.912857832838953,-0.0918745261558165,0.916530083531633,0.984251074353759,FALSE,34,61
"N_2-Naphthalenesulfonic acid","N_2-Naphthalenesulfonic acid",-0.180069262226358,0.421680346096957,0.731526756272288,-1.55549932272686,0.0989345863641345,0.354323867443645,TRUE,34,61
"N_Mucic acid","N_Mucic acid",0.227430392731595,0.311002564131056,0.656879030521938,0.0201178994517512,0.770954491698175,0.920364276911,TRUE,34,61
"N_1,3,7-Trimethyluric acid","N_1,3,7-Trimethyluric acid",-0.269502616664759,0.399605325219009,0.713239783657833,-0.306800745151524,0.0188531832762437,0.158366739520447,TRUE,34,61
"N_indoxylSulfate","N_indoxylSulfate",0,NA,NA,-0.4572878767984,0.36989506097167,0.708248448394375,FALSE,34,61
"N_5-Methoxypsoralen","N_5-Methoxypsoralen",-0.00502850871925276,0.879671362382444,0.961201878895939,-0.131956347566238,0.953569151439274,0.996034158423635,TRUE,34,61
"N_Undecanedioic acid","N_Undecanedioic acid",0.421837456665497,0.341597481460115,0.662492085255981,-0.875039501513992,0.0266611160850852,0.183842322855364,FALSE,34,61
"N_D-Pantothenic acid","N_D-Pantothenic acid",0.433549170301323,0.386700535062819,0.701383966429729,-0.259873731606692,0.547399380138604,0.821099070207906,FALSE,34,61
"N_Ethyl-beta-glucuronide","N_Ethyl-beta-glucuronide",9.23987193332823,0.0276437355702001,0.165711555631728,0.24056597627785,0.876609989227095,0.96730727534732,TRUE,34,61
"N_5-Aminonaphthalene-2-sulfonic acid","N_5-Aminonaphthalene-2-sulfoni",-1.12240226612981,0.245361062625228,0.567608011280161,-8.52480547555101,0.0127195145501154,0.133554902776212,TRUE,34,61
"N_N_acetyl_tyrosine","N_N_acetyl_tyrosine",0.0603823071469165,0.782855421635785,0.922945339191662,-0.348368728239468,0.123309443179214,0.412818570643457,FALSE,34,61
"N_Olivetolcarboxylic acid","N_Olivetolcarboxylic acid",-0.349897932486353,0.403963836365994,0.718157931317322,0.770312140389237,0.084104609317363,0.326523777349762,FALSE,34,61
"N_Carnosine","N_Carnosine",1.89627553425435,0.0144631762838266,0.11295064677969,-1.03825285742623,0.345552939038968,0.691105878077936,FALSE,34,61
"N_D-Mannitol","N_D-Mannitol",-0.00362831714962653,0.776897651560192,0.922945339191662,-0.454164857918265,0.168203513169408,0.482670950833955,TRUE,34,61
"N_Chloranocryl","N_Chloranocryl",0.662765303162999,0.776895371330007,0.922945339191662,-0.0746700612819247,0.700765652733258,0.877381386348957,FALSE,34,61
"N_8-Methylsulfinyloctyl isothiocyanate","N_8-Methylsulfinyloctyl isothi",-2.81610033156927,0.580817013605955,0.808093236321328,0,0.961539468954418,0.996034158423635,FALSE,34,61
"N_CMPF","N_CMPF",0.0336363019135462,0.753157742735446,0.919135246062164,-0.467319284283651,0.230356272661677,0.566088287072844,FALSE,34,61
"N_Anserine","N_Anserine",0.85995594651493,0.460790047681574,0.754544008866495,-0.232017324462571,0.349537467832509,0.693074292440425,FALSE,34,61
"N_Pyroglutamyl-Isoleucine","N_Pyroglutamyl-Isoleucine",-1.01889620047142,0.0800077117628368,0.314416270787288,0.111536685706277,0.649715465483723,0.852751548447387,FALSE,34,61
"N_alpha-L-(-)-Fucose 1-phosphate bis(cyclohexylammonium) salt","N_alpha-L-(-)-Fucose 1-phospha",-0.582930198242259,0.209920070986472,0.516726328582085,-0.6741218098798,0.0350520459312683,0.204987914180328,TRUE,34,61
"N_Pseudouridine","N_Pseudouridine",-0.0736441820242781,0.904219893968136,0.973775270427223,-0.0359871403434084,0.616555691529895,0.847727684778072,TRUE,34,61
"N_N-Acetyltryptophan","N_N-Acetyltryptophan",0.0775028744345256,0.399605325219009,0.713239783657833,1.26203834991843,0.7007646561145,0.877381386348957,TRUE,34,61
"N_Homovanillic_Acid_sulfate","N_Homovanillic_Acid_sulfate",0,0.703738912484262,0.905962737910774,0.0559469016622955,0.855237954868667,0.96730727534732,FALSE,34,61
"N_Dihydrocaffeic_Acid3O_Sulfate","N_Dihydrocaffeic_Acid3O_Sulfat",-0.126587320919295,0.974247914500292,0.989364711354949,-0.339245765199827,0.329905763096955,0.679310704819507,TRUE,34,61
"N_Phenylacetylglutamine","N_Phenylacetylglutamine",0.722582368098941,0.147653507189292,0.438071332588098,0.223822748031889,0.374053293091401,0.708248448394375,TRUE,34,61
"N_C12-AS (TENTATIVE)","N_C12-AS (TENTATIVE)",-0.142034770209925,0.916530083531633,0.974998659066473,0.128713070798039,0.677832972755716,0.860402102090122,FALSE,34,61
"N_ADENOSINE","N_ADENOSINE",-0.00310876710841868,0.357593622380591,0.675957564668797,0.293454845983003,0.188210206379882,0.50554136829945,FALSE,34,61
"N_Inosine","N_Inosine",-0.0321622874784282,0.511820722576504,0.777273504116183,0.0198808989998422,0.879579324189057,0.96730727534732,FALSE,34,61
"N_Estrone","N_Estrone",1.24188547951364,0.0675768492172827,0.285607815559836,-0.129936562546199,0.990708793008128,1,FALSE,34,61
"N_Naringenin","N_Naringenin",4.38475962437424,9.45083444635385e-06,0.000128302237332319,-0.685653745327095,0.0371177540788121,0.209126858346478,FALSE,34,61
"N_Phenylbenzimidazole sulfonic acid","N_Phenylbenzimidazole sulfonic",-0.425968851828962,0.165789765251191,0.458562268057441,-0.540786828816497,0.0213441384229536,0.165002454255427,TRUE,34,61
"N_Xanthosine","N_Xanthosine",0.136294998223843,0.32586355516343,0.656879030521938,-0.541043126157124,0.278812428276232,0.634538629870045,FALSE,34,61
"N_Stearic acid","N_Stearic acid",-0.195783049450519,0.190829597515886,0.496466769736095,-0.77382201072512,0.183035853863083,0.500370204051742,TRUE,34,61
"N_C7SPC","N_C7SPC",18.4780072198805,0.000376511251594751,0.00468547335317912,-0.775592725258186,0.0256169027736396,0.179318319415477,FALSE,34,61
"N_2-[(2R,8S,8aR)-8,8a-dimethyl-2,3,5,6,7,8-hexahydro-1H-naphthalen-2-yl]prop-2-enoic acid","N_2-[(2R,8S,8aR)-8,8a-dimethyl",1.7909432381253,0.0119742056262054,0.0975353476461821,-1.56634557337899,0.0100566752948595,0.127511771781338,FALSE,34,61
"N_Tetradecylsulfate","N_Tetradecylsulfate",2.29474737134407,0.00635527299091831,0.0593227521216694,-0.249381457068544,0.843071592954535,0.964106623626226,FALSE,34,61
"N_8phiC8SPC","N_8phiC8SPC",21.045961582544,1.59247295309661e-07,3.10186036081427e-06,-1.50901612300948,0.0157603510173656,0.148330477269233,FALSE,34,61
"N_N-Acetylneuraminic acid","N_N-Acetylneuraminic acid",-0.210293916815559,0.374053293091401,0.683983164509991,0.163991419265322,0.638580615933645,0.852671227055907,FALSE,34,61
"N_Dodecylbenzenesulfonic acid","N_Dodecylbenzenesulfonic acid",2.55014867581759,1.41845203066196e-08,7.06073899707287e-07,-0.431322377398875,0.842767175520751,0.964106623626226,FALSE,34,61
"N_Canrenone","N_Canrenone",3.35492944477534,3.38366749453248e-09,5.05294345850183e-07,-0.180644981190976,0.891624673732221,0.96730727534732,FALSE,34,61
"N_methyl chlorogenate","N_methyl chlorogenate",-0.715878207215063,0.934928575935968,0.978331862937625,0.079667118796813,0.644138058194359,0.852751548447387,FALSE,34,61
