"from","to","r","p","fdr"
"s__Peptoanaerobacter yurii","s__Lawsonella sp018376445",0.435974244120941,1.00482329012554e-05,0.724067991621027
"g__Brachymonas_HROM_Genome_4814","s__Prevotella jejuni",-0.433804591265397,1.12474654873843e-05,0.724067991621027
"f__Nanosyncoccaceae_HROM_Genome_4791","s__Lawsonella sp018376445",0.433328667413214,1.15279094351381e-05,0.724067991621027
"g__Streptococcus_HROM_Genome_2387","s__Burkholderia contaminans",0.42271836506159,1.97730693258674e-05,0.74621170034823
"g__Centipeda_HROM_Genome_2745","s__Moraxella_A cinereus",0.422690369540873,1.98007668722664e-05,0.74621170034823
"s__Flexilinea sp001717545","s__Neisseria subflava_C",-0.405557110862262,4.55815231665337e-05,0.916120993934087
"s__F0058 sp905372135","s__Bifidobacterium swidsinskii",-0.404437290033595,4.80592395826735e-05,0.916120993934087
"s__Leptotrichia buccalis","s__Escherichia coli",-0.404045352743561,4.8955712916203e-05,0.916120993934087
"s__Treponema_D sp014334325","s__Sphingobium yanoikuyae",0.399076147816349,6.17594708339621e-05,0.916120993934087
"s__Treponema sp010365865","s__Sphingobium yanoikuyae",0.396318589025756,7.01471634345827e-05,0.916120993934087
"g__Campylobacter_B_HROM_Genome_1410","s__Escherichia coli",0.395996640537514,7.11927129703694e-05,0.916120993934087
"g__Treponema_D_HROM_Genome_5084","s__Sphingobium yanoikuyae",0.393029115341545,8.1536309101154e-05,0.916120993934087
"s__Centipeda sp000318175","s__Cutibacterium modestum",0.391475363941769,8.74935582593543e-05,0.916120993934087
"g__Nanogingivalis_HROM_Genome_3860","s__Moraxella_A cinereus",-0.391153415453527,8.8777474570151e-05,0.916120993934087
"g__Neisseria_HROM_Genome_4825","s__Porphyromonas gingivalis",-0.391125419932811,8.88899428652829e-05,0.916120993934087
"g__Leptotrichia_HROM_Genome_2872","s__Escherichia coli",-0.387905935050392,0.000102744035487278,0.916120993934087
"g__Nanoperiomorbus_HROM_Genome_3257","s__Lawsonella sp018376445",0.385512318029115,0.000114315587440812,0.916120993934087
"s__Prevotella oralis","s__Neisseria subflava_C",-0.384868421052632,0.000117628597933802,0.916120993934087
"f__Lachnospiraceae_HROM_Genome_1882","s__Lawsonella sp018376445",0.384644456886898,0.000118801672027973,0.916120993934087
"g__CAJPSE01_HROM_Genome_5107","s__Neisseria subflava_C",-0.383832586786114,0.000123145632332196,0.916120993934087
"s__Centipeda sp001717585","s__Bifidobacterium swidsinskii",-0.382656774916013,0.000129698511820969,0.916120993934087
"s__Capnocytophaga granulosa","s__Brevundimonas sp002434505",0.382418812989922,0.000131063407604424,0.916120993934087
"g__Nanosyncoccus_HROM_Genome_4502","s__Streptococcus agalactiae",-0.381858902575588,0.000134327614806919,0.916120993934087
"g__Neisseria_HROM_Genome_4825","s__Tannerella forsythia",-0.378191489361702,0.00015764151249206,0.916120993934087
"s__Actinomyces timonensis","s__Neisseria elongata",-0.377435610302352,0.00016288997495946,0.916120993934087
"s__F0058 sp905372605","s__Bifidobacterium swidsinskii",-0.377295632698768,0.000163879483237062,0.916120993934087
"s__Treponema_D socranskii","s__Sphingobium yanoikuyae",0.376399776035834,0.000170345227357225,0.916120993934087
"s__Treponema_D buccale","s__Sphingobium yanoikuyae",0.375895856662934,0.000174085131966784,0.916120993934087
"s__Treponema sp018336815","s__Sphingobium yanoikuyae",0.374524076147816,0.000184654255167312,0.916120993934087
"s__Porphyromonas catoniae","s__Neisseria mucosa_A",-0.374048152295633,0.000188457608829984,0.916120993934087
"s__Bacteroides_D sp013333195","s__Burkholderia contaminans",0.373082306830907,0.000196399789761501,0.916120993934087
"g__JABCPO02_HROM_Genome_1961","s__Neisseria flavescens",0.37297032474804,0.000197340367879081,0.916120993934087
"g__Capnocytophaga_HROM_Genome_1214","s__Brevundimonas sp002434505",0.372256438969765,0.000203435093626483,0.916120993934087
"g__Porphyromonas_HROM_Genome_1091","s__Neisseria mucosa_A",-0.369918812989922,0.000224630681528592,0.916120993934087
"s__Porphyromonas catoniae","s__Corynebacterium matruchotii",-0.369400895856663,0.000229594560214053,0.916120993934087
"s__Treponema_D paredis","s__Sphingobium yanoikuyae",0.368617021276596,0.000237300354995357,0.916120993934087
"s__HOT-345 sp013333295","s__Acinetobacter johnsonii",0.368519036954087,0.0002382801844936,0.916120993934087
"s__Olsenella_F profusa_A","s__Acinetobacter junii",-0.368015117581187,0.000243378551315155,0.916120993934087
"s__Porphyromonas catoniae","s__Aggregatibacter sp000466335",-0.367707166853303,0.000246543578250973,0.916120993934087
"s__Treponema medium","s__Sphingobium yanoikuyae",0.365229563269877,0.000273423892195495,0.916120993934087
"s__Porphyromonas catoniae","s__Veillonella atypica",-0.365215565509519,0.000273583152428607,0.916120993934087
"s__Campylobacter_A sp014253065","s__Neisseria subflava_C",-0.365173572228443,0.000274061446388429,0.916120993934087
"g__Streptococcus_HROM_Genome_2212","g__Corynebacterium_HROM_Genome_0366",-0.364879619260918,0.000277431148692322,0.916120993934087
"s__Porphyromonas catoniae","s__Veillonella sp900552445",-0.364837625979843,0.000277915640382397,0.916120993934087
"s__Streptococcus mitis_BA","s__Porphyromonas gingivalis",-0.36478163493841,0.000278562842542073,0.916120993934087
"g__Porphyromonas_HROM_Genome_1089","s__Prevotella jejuni",-0.36469764837626,0.000279536251060708,0.916120993934087
"s__Streptococcus sp000187445","s__Acidovorax_A wautersii",0.364669652855543,0.000279861416659117,0.916120993934087
"g__Aggregatibacter_HROM_Genome_4966","s__Acidovorax_A wautersii",-0.363829787234043,0.000289780019919945,0.916120993934087
"g__Veillonella_HROM_Genome_2851","s__Prevotella jejuni",0.363703807390817,0.000291295442207954,0.916120993934087
"g__Nanogingivalis_HROM_Genome_3857","s__Pseudomonas_F sp003234055",-0.362444008958567,0.000306856426850278,0.916120993934087
"s__Streptococcus mitis_AX","g__Prevotella_HROM_Genome_1010",0.362052071668533,0.000311851570903047,0.916120993934087
"s__Neisseria sicca_A","s__Porphyromonas gingivalis",-0.361856103023516,0.00031437712523296,0.916120993934087
"g__JABCPE02_HROM_Genome_1192","s__Acinetobacter johnsonii",0.361604143337066,0.000317651942225305,0.916120993934087
"g__Streptococcus_HROM_Genome_2484","s__Lactobacillus iners",0.361338185890258,0.000321142747984324,0.916120993934087
"s__Streptococcus mitis_AZ","s__Prevotella aurantiaca",-0.360736282194849,0.000329173800309113,0.916120993934087
"g__Streptococcus_HROM_Genome_2518","s__Neisseria flavescens",-0.360694288913774,0.000329740947800104,0.916120993934087
"s__Porphyromonas catoniae","s__F0428 sp003043955",-0.359910414333707,0.00034049418423843,0.916120993934087
"g__Centipeda_HROM_Genome_2753","s__Fannyhessea vaginae",0.359084546472564,0.000352171856102224,0.916120993934087
"o__Saccharimonadales_HROM_Genome_3871","s__Acinetobacter johnsonii",0.358930571108623,0.000354389380449565,0.916120993934087
"g__Streptococcus_HROM_Genome_2534","s__Lactobacillus iners",-0.357740761478164,0.000371962815955098,0.916120993934087
"s__Treponema_C sp905372025","s__Sphingobium yanoikuyae",0.357670772676372,0.000373021090746424,0.916120993934087
"s__Neisseria sicca_A","s__Tannerella forsythia",-0.357544792833147,0.00037493296513816,0.916120993934087
"g__Alloprevotella_HROM_Genome_1051","s__Kocuria palustris",-0.357446808510638,0.00037642620331192,0.916120993934087
"g__Streptococcus_HROM_Genome_2120","s__Prevotella salivae",0.357166853303471,0.000380722780647288,0.916120993934087
"g__Bulleidia_HROM_Genome_2044","s__Veillonella tobetsuensis",0.356788913773796,0.000386594693374941,0.916120993934087
"g__Streptococcus_HROM_Genome_2107","s__Acidovorax_A wautersii",0.356746920492721,0.000387252241327053,0.916120993934087
"s__Streptococcus mitis_BO","s__Veillonella rogosae",-0.356368980963046,0.000393216604570109,0.916120993934087
"g__Neisseria_HROM_Genome_4825","s__Aggregatibacter sp000466335",-0.355599104143337,0.000405628227883242,0.916120993934087
"g__JABCPE02_HROM_Genome_1193","s__Lawsonella sp018376445",-0.355585106382979,0.000405857189323712,0.916120993934087
"g__Rothia_HROM_Genome_0196","s__Prevotella jejuni",0.355249160134379,0.000411388016341954,0.916120993934087
"g__Nanosynbacter_HROM_Genome_3460","s__Escherichia coli",0.355193169092945,0.000412316524859926,0.916120993934087
"s__Streptococcus mitis_BO","s__Veillonella tobetsuensis",-0.355179171332587,0.000412548952629268,0.916120993934087
"s__Streptococcus mitis_BO","s__Corynebacterium matruchotii",-0.355123180291153,0.000413479867951859,0.916120993934087
"g__Streptococcus_HROM_Genome_2388","s__Acidovorax_A wautersii",-0.354787234042553,0.00041910600566346,0.916120993934087
"s__Porphyromonas gulae","s__Neisseria sicca_A",-0.354703247480403,0.000420523485070682,0.916120993934087
"s__Kingella_B oralis","s__Escherichia coli",0.35456326987682,0.000422895740249901,0.916120993934087
"s__Streptococcus mitis_BO","s__Capnocytophaga gingivalis",-0.354437290033595,0.000425041273141454,0.916120993934087
"s__Phocaeicola abscessus","s__Neisseria subflava_C",-0.353989361702128,0.000432751061489199,0.916120993934087
"g__Eubacterium_B_HROM_Genome_1922","s__Veillonella tobetsuensis",0.353289473684211,0.00044505504984303,0.916120993934087
"s__Fretibacterium fastidiosum","s__Neisseria subflava_C",-0.352799552071669,0.000453858056671164,0.916120993934087
"g__Porphyromonas_HROM_Genome_1091","s__Prevotella melaninogenica",-0.352407614781635,0.000461015230705708,0.916120993934087
"s__Haemophilus seminalis","s__Porphyromonas gingivalis",-0.352043673012318,0.00046775378462178,0.916120993934087
"s__Parvimonas micra","s__Prevotella shahii",-0.35177771556551,0.000472735143864999,0.916120993934087
"s__Porphyromonas catoniae","s__Lautropia mirabilis",-0.351637737961926,0.000475376419841577,0.916120993934087
"g__Nanogingivalis_HROM_Genome_3854","s__Lawsonella sp018376445",0.351497760358343,0.000478031230293354,0.916120993934087
"g__Kingella_HROM_Genome_4821","s__Paraclostridium bifermentans",-0.351483762597984,0.000478297458134647,0.916120993934087
"s__Prevotella multisaccharivorax","s__Prevotella pallens",-0.351469764837626,0.000478563822006952,0.916120993934087
"s__Streptococcus oralis_F","s__Brevundimonas sp002434505",-0.351357782754759,0.000480699637613797,0.916120993934087
"g__Porphyromonas_HROM_Genome_1133","s__Bifidobacterium swidsinskii",-0.351175811870101,0.000484188997498241,0.916120993934087
"g__Porphyromonas_HROM_Genome_1125","s__Alloprevotella sp015257125",0.35075587905935,0.000492330229423594,0.916120993934087
"s__Streptococcus mitis_BO","s__Neisseria mucosa_A",-0.350699888017917,0.000493425163075488,0.916120993934087
"g__Nanosyncoccus_HROM_Genome_4466","s__Neisseria flavescens",-0.350307950727884,0.000501152457236909,0.916120993934087
"g__Kingella_A_HROM_Genome_4854","s__Prevotella shahii",-0.350055991041433,0.000506178443574784,0.916120993934087
"s__Campylobacter_A showae_B","s__Neisseria flavescens",-0.349972004479283,0.000507864016680399,0.916120993934087
"s__Limosilactobacillus vaginalis","s__Porphyromonas gingivalis",-0.349566069428891,0.000516083747040318,0.916120993934087
"g__Gemella_HROM_Genome_2686","s__Streptococcus agalactiae",-0.349230123180291,0.000522978330662401,0.916120993934087
"s__Johnsonella sp905373785","s__Paraclostridium bifermentans",0.349174132138858,0.000524135603246432,0.916120993934087
"s__Metamycoplasma orale","s__Klebsiella pneumoniae",0.349076147816349,0.000526166480724027,0.916120993934087
"s__Neisseria elongata","s__Prevotella histicola",-0.348600223964166,0.000536133739397227,0.916120993934087
"g__JABCPE02_HROM_Genome_1192","s__Sphingomonas echinoides",0.348390257558791,0.000540585828321861,0.916120993934087
"g__Nanogingivalis_HROM_Genome_3868","s__Moraxella_A cinereus",-0.34822228443449,0.000544171866289544,0.916120993934087
"s__Scardovia wiggsiae","s__CAISGS01 sp017418605",-0.34805431131019,0.000547779691761389,0.916120993934087
"g__Nanosynbacter_HROM_Genome_3444","s__Escherichia coli",0.34805431131019,0.000547779691761389,0.916120993934087
"s__Streptococcus mitis_BO","s__Bacteroides uniformis",-0.34746640537514,0.000560580378390634,0.916120993934087
"s__Streptococcus mitis_BO","s__Aggregatibacter sp000466335",-0.347270436730123,0.00056490779697677,0.916120993934087
"g__Streptococcus_HROM_Genome_2231","g__Prevotella_HROM_Genome_1010",0.34704647256439,0.000569890876915975,0.916120993934087
"s__Granulicatella sp905371865","s__Prevotella jejuni",-0.346738521836506,0.000576808364992763,0.916120993934087
"g__Treponema_D_HROM_Genome_5087","s__Neisseria subflava_C",-0.346430571108623,0.000583802678131184,0.916120993934087
"g__Streptococcus_HROM_Genome_2467","s__Prevotella aurantiaca",-0.346010638297872,0.000593465570062014,0.916120993934087
"s__Leptotrichia shahii","s__Escherichia coli",-0.345702687569989,0.000600644522324725,0.916120993934087
"g__Mogibacterium_HROM_Genome_1917","s__Tannerella forsythia",0.345450727883539,0.000606577251034678,0.916120993934087
"g__Peptidiphaga_HROM_Genome_0348","s__Streptococcus agalactiae",-0.345422732362822,0.000607239743787255,0.916120993934087
"g__Gemella_HROM_Genome_2682","s__Achromobacter xylosoxidans",-0.344890817469205,0.000619953623572365,0.916120993934087
"s__Paraclostridium bifermentans","s__Neisseria flavescens",-0.34476483762598,0.0006230002724945,0.916120993934087
"g__Granulicatella_HROM_Genome_2615","s__Neisseria subflava_C",-0.344708846584546,0.000624358731905333,0.916120993934087
"s__Capnocytophaga sputigena","s__Prevotella shahii",-0.344120940649496,0.000638787124348408,0.916120993934087
"s__Prevotella seregens","s__Prevotella salivae",-0.344022956326988,0.000641221304542347,0.916120993934087
"g__Gemella_HROM_Genome_2693","s__Burkholderia contaminans",-0.343924972004479,0.000643663968694094,0.916120993934087
"s__Scardovia wiggsiae","g__Porphyromonas_HROM_Genome_1062",-0.343910974244121,0.000644013614827395,0.916120993934087
"g__Neisseria_HROM_Genome_4825","s__Veillonella sp900552445",-0.343882978723404,0.000644713428450789,0.916120993934087
"g__Nanoperiomorbus_HROM_Genome_3111","s__Klebsiella pneumoniae",-0.343435050391937,0.000656005478429802,0.916120993934087
"g__Neisseria_HROM_Genome_4825","g__Porphyromonas_HROM_Genome_1125",-0.343407054871221,0.000656717202836352,0.916120993934087
"g__Campylobacter_B_HROM_Genome_1371","s__Neisseria flavescens",-0.343197088465845,0.000662077691216972,0.916120993934087
"g__Granulicatella_HROM_Genome_2607","s__Escherichia coli",-0.343197088465845,0.000662077691216972,0.916120993934087
"s__Streptococcus mitis_L","s__Cutibacterium modestum",-0.343113101903695,0.000664233069566481,0.916120993934087
"s__Alloprevotella sp900095835","s__Sphingomonas sp017418975",-0.342917133258679,0.00066928726581355,0.916120993934087
"g__Neisseria_HROM_Genome_4825","s__Veillonella atypica",-0.342763157894737,0.000673283066739495,0.916120993934087
"s__Eubacterium_M brachy","s__Ralstonia pickettii_B",0.342525195968645,0.00067950132222251,0.916120993934087
"g__Streptococcus_HROM_Genome_2374","s__Paraclostridium bifermentans",-0.342497200447928,0.000680236323823826,0.916120993934087
"g__Gemella_HROM_Genome_2689","g__Bergeyella_A_HROM_Genome_1209",-0.341237402015677,0.0007140735950652,0.916120993934087
"g__Leptotrichia_A_HROM_Genome_2883","s__Bifidobacterium swidsinskii",-0.340915453527436,0.000722964227148644,0.916120993934087
"s__Streptococcus chosunense","s__Bifidobacterium swidsinskii",0.340747480403136,0.000727642865990533,0.916120993934087
"g__Streptococcus_HROM_Genome_2292","s__Bacteroides uniformis",0.340607502799552,0.000731562847979566,0.916120993934087
"g__Nanosynbacter_HROM_Genome_3565","s__Escherichia coli",0.340551511758119,0.000733136236318408,0.916120993934087
"g__Streptococcus_HROM_Genome_2323","s__Moraxella_A cinereus",0.340215565509518,0.000742641673906382,0.916120993934087
"g__Nanoperiomorbus_HROM_Genome_3111","s__Neisseria subflava_C",-0.34011758118701,0.000745435225355672,0.916120993934087
"g__Granulicatella_HROM_Genome_2615","s__Prevotella jejuni",-0.339879619260918,0.000752259576365941,0.916120993934087
"g__Streptococcus_HROM_Genome_2297","s__Lactobacillus gasseri",-0.339851623740202,0.000753066181941547,0.916120993934087
"g__Streptococcus_HROM_Genome_2093","s__Acidovorax_A wautersii",0.339669652855543,0.000758328403926752,0.916120993934087
"s__Haemophilus aegyptius","s__Lawsonella sp018376445",0.339599664053751,0.000760361262562049,0.916120993934087
"s__Centipeda sp001683335","s__Cutibacterium modestum",0.339599664053751,0.000760361262562049,0.916120993934087
"s__Streptococcus mitis_BO","s__Capnocytophaga leadbetteri",-0.339543673012318,0.000761991131772757,0.916120993934087
"s__Neisseria mucosa_A","s__Tannerella forsythia",-0.339515677491601,0.000762807262393499,0.916120993934087
"g__Nanosynbacter_HROM_Genome_3516","s__Lawsonella sp018376445",0.33944568868981,0.000764851082916103,0.916120993934087
"s__Saccharimonas sp905372095","s__Streptococcus agalactiae",-0.339431690929451,0.00076526044668508,0.916120993934087
"s__Pyramidobacter piscolens","s__Escherichia coli",-0.339137737961926,0.000773903441894782,0.916120993934087
"g__Granulicatella_HROM_Genome_2601","s__Escherichia coli",-0.339095744680851,0.000775145406139409,0.916120993934087
"g__RGIG8124_HROM_Genome_1663","s__Neisseria flavescens",-0.338969764837626,0.000778882227122351,0.916120993934087
"s__Saccharimonas sp905373345","s__Streptococcus agalactiae",-0.338913773796193,0.00078054831044558,0.916120993934087
"s__Saccharimonas sp905372275","g__Neisseria_HROM_Genome_4825",0.33825587905935,0.000800370030226182,0.916120993934087
"g__Streptococcus_HROM_Genome_2386","s__Moraxella_A cinereus",-0.338157894736842,0.000803361201715512,0.916120993934087
"g__Neisseria_HROM_Genome_4825","s__Streptococcus rubneri",-0.33808790593505,0.000805503996391052,0.916120993934087
"g__Porphyromonas_HROM_Genome_1133","s__Alloprevotella sp015257125",0.3380039193729,0.000808082235890421,0.916120993934087
"g__Streptococcus_HROM_Genome_2292","g__Prevotella_HROM_Genome_0980",0.337989921612542,0.000808512674064204,0.916120993934087
"g__Oribacterium_HROM_Genome_1778","s__Escherichia coli",0.337723964165733,0.000816730863975108,0.916120993934087
"g__Streptococcus_HROM_Genome_2465","s__Alloprevotella sp015259235",-0.337681970884658,0.000818035419823245,0.916120993934087
"s__Bifidobacterium longum","s__Neisseria flavescens",-0.33741601343785,0.000826341865372438,0.916120993934087
"s__Streptococcus mitis_AI","s__Acinetobacter johnsonii",0.3373320268757,0.000828980900019233,0.916120993934087
"s__Haemophilus_D pittmaniae","s__Escherichia coli",0.337052071668533,0.000837833323704952,0.916120993934087
"g__Streptococcus_HROM_Genome_2406","g__Corynebacterium_HROM_Genome_0366",-0.337010078387458,0.000839168601387819,0.916120993934087
"g__Selenomonas_HROM_Genome_2720","s__Moraxella_A cinereus",0.336870100783875,0.000843633562193854,0.916120993934087
"s__Centipeda periodontii","s__Bifidobacterium swidsinskii",-0.336842105263158,0.000844529151070654,0.916120993934087
"s__Phocaeicola abscessus","s__Prevotella intermedia",-0.336674132138858,0.000849920924244742,0.916120993934087
"g__Neisseria_HROM_Genome_4825","s__Corynebacterium matruchotii",-0.336408174692049,0.000858522151155652,0.916120993934087
"g__Nanogingivalis_HROM_Genome_3850","g__Prevotella_HROM_Genome_0992",-0.336212206047033,0.000864910622931181,0.916120993934087
"g__Nanosynbacter_HROM_Genome_3473","s__Escherichia coli",0.335974244120941,0.000872726332212667,0.916120993934087
"s__Prevotella sp018127805","s__Neisseria flavescens",-0.33563829787234,0.000883869954352058,0.916120993934087
"g__Granulicatella_HROM_Genome_2581","s__Prevotella timonensis",0.335568309070549,0.000886207811284255,0.916120993934087
"g__Olsenella_F_HROM_Genome_0958","g__Corynebacterium_HROM_Genome_0366",0.335274356103023,0.000896088511573251,0.916120993934087
"g__Gemella_HROM_Genome_2689","s__Veillonella sp900552445",-0.335260358342665,0.000896561516857858,0.916120993934087
"s__Actinomyces israelii","s__Prevotella shahii",-0.335204367301232,0.000898455815302051,0.916120993934087
"g__Veillonella_HROM_Genome_2815","s__Prevotella pallens",-0.335176371780515,0.000899404332275288,0.916120993934087
"g__Pauljensenia_HROM_Genome_0253","s__Veillonella tobetsuensis",0.335008398656215,0.000905114631952912,0.916120993934087
"g__Treponema_HROM_Genome_5043","s__Brevundimonas sp002434505",0.33496640537514,0.00090654736165184,0.916120993934087
"g__Treponema_HROM_Genome_5055","s__Sphingobium yanoikuyae",0.334924412094065,0.000907982158567025,0.916120993934087
"s__Streptococcus sp900550895","s__Klebsiella pneumoniae",-0.334770436730123,0.000913260809748227,0.916120993934087
"g__Mogibacterium_HROM_Genome_1912","s__Bifidobacterium swidsinskii",-0.33471444568869,0.000915187244495862,0.916120993934087
"s__Nanosyncoccus sp013332965","s__Neisseria flavescens",0.334602463605823,0.000919051230756108,0.916120993934087
"g__Gemella_HROM_Genome_2689","s__Veillonella atypica",-0.334560470324748,0.000920504055171762,0.916120993934087
"g__Streptococcus_HROM_Genome_2437","s__Escherichia coli",0.334336506159015,0.000928287866526628,0.916120993934087
"g__Rothia_HROM_Genome_0196","s__Prevotella salivae",0.334210526315789,0.000932692576532749,0.916120993934087
"g__Pauljensenia_HROM_Genome_0299","s__Prevotella jejuni",0.333874580067189,0.000944531750957499,0.916120993934087
"s__F0422 sp003999875","s__Brevundimonas sp002434505",-0.333748600223964,0.000949006631269578,0.916120993934087
"s__Kingella_A denitrificans","s__Prevotella shahii",-0.333692609182531,0.000951001660608095,0.916120993934087
"g__Porphyromonas_HROM_Genome_1091","s__Aggregatibacter sp000466335",-0.333356662933931,0.000963052299259242,0.916120993934087
"g__Nanosynbacter_HROM_Genome_3462","s__Escherichia coli",0.332544792833147,0.000992751137534986,0.916120993934087
"s__Actinomyces timonensis","s__Bifidobacterium swidsinskii",-0.332236842105263,0.00100423270089884,0.916120993934087
"s__Streptococcus sp900550895","s__Lactobacillus crispatus",-0.332026875699888,0.00101213022739511,0.916120993934087
"s__Treponema_D buccale","s__Neisseria subflava_C",-0.331718924972005,0.00102381558930306,0.916120993934087
"g__Gemella_HROM_Genome_2682","s__Escherichia coli",0.331578947368421,0.00102916760979715,0.916120993934087
"s__Bifidobacterium dentium","s__Acinetobacter junii",-0.331536954087346,0.00103077817529982,0.916120993934087
"g__Streptococcus_HROM_Genome_2292","s__Streptococcus salivarius",0.331480963045913,0.0010329291650529,0.916120993934087
"g__Neisseria_HROM_Genome_4825","g__Bergeyella_A_HROM_Genome_1209",-0.331410974244121,0.00103562364795574,0.916120993934087
"g__Peptoanaerobacter_HROM_Genome_1940","s__Brevundimonas sp002434505",0.331089025755879,0.00104810086761562,0.916120993934087
"g__Gemella_HROM_Genome_2673","s__Burkholderia contaminans",-0.331089025755879,0.00104810086761562,0.916120993934087
"s__Simonsiella muelleri","s__Acidovorax_A wautersii",-0.330907054871221,0.00105521358065907,0.916120993934087
"g__Porphyromonas_HROM_Genome_1091","s__F0428 sp003043955",-0.330893057110862,0.00105576252780981,0.916120993934087
"s__Treponema_C maltophilum","s__Sphingobium yanoikuyae",0.33048712206047,0.0010717954903724,0.916120993934087
"g__Streptococcus_HROM_Genome_2212","s__Moraxella_A cinereus",-0.33031914893617,0.00107849438199347,0.916120993934087
"s__Kingella_A denitrificans","s__Prevotella jejuni",-0.330039193729003,0.00108974390445402,0.916120993934087
"g__Kingella_B_HROM_Genome_4881","s__Prevotella sp905372445",-0.329773236282195,0.00110052972269199,0.916120993934087
"s__Gemella haemolysans_A","s__Prevotella histicola",-0.329745240761478,0.00110167070250837,0.916120993934087
"g__Prevotella_HROM_Genome_0979","s__Lactobacillus iners",0.32973124300112,0.00110224159583287,0.916120993934087
"s__Bacteroides_D sp013333195","s__Veillonella tobetsuensis",0.32964725643897,0.00110567261070317,0.916120993934087
"g__F0428_HROM_Genome_1701","s__Veillonella sp900552445",0.329437290033595,0.00111429269015673,0.916120993934087
"s__Bifidobacterium dentium","s__CAISGS01 sp017418605",-0.32939529675252,0.00111602402344129,0.916120993934087
"s__Centipeda sp000318175","s__Bifidobacterium dentium",0.329353303471445,0.00111775780300026,0.916120993934087
"g__Brachymonas_HROM_Genome_4814","s__Eubacterium_B sulci",-0.32922732362822,0.00112297385001847,0.916120993934087
"s__Streptococcus mitis_AI","s__Prevotella shahii",-0.329199328107503,0.00112413597356632,0.916120993934087
"g__Streptococcus_HROM_Genome_2459","s__Cutibacterium acnes",-0.329129339305711,0.00112704606897093,0.916120993934087
"g__Streptococcus_HROM_Genome_2231","s__Prevotella timonensis",0.328989361702128,0.00113288682208419,0.916120993934087
"s__Neisseria sicca_A","s__Aggregatibacter sp000466335",-0.328849384098544,0.00113875508709147,0.916120993934087
"g__F0428_HROM_Genome_1701","s__Veillonella atypica",0.328765397536394,0.00114228929960402,0.916120993934087
"g__Gemella_HROM_Genome_2672","g__Prevotella_HROM_Genome_1010",0.328639417693169,0.00114760932095144,0.916120993934087
"s__Phocaeicola abscessus","s__Streptococcus salivarius",-0.328471444568869,0.0011547377253595,0.916120993934087
"g__JABCPH02_HROM_Genome_2875","s__Acidovorax_A wautersii",0.328331466965286,0.00116070878699283,0.916120993934087
"g__Veillonella_HROM_Genome_2816","s__Burkholderia contaminans",0.328233482642777,0.00116490521631846,0.916120993934087
"g__Mogibacterium_HROM_Genome_1917","s__Streptococcus rubneri",0.328177491601344,0.00116730936359266,0.916120993934087
"g__Streptococcus_HROM_Genome_2091","s__Burkholderia contaminans",0.328177491601344,0.00116730936359266,0.916120993934087
"s__Haemophilus seminalis","s__Neisseria flavescens",-0.328149496080627,0.00116851312781481,0.916120993934087
"g__Mobiluncus_HROM_Genome_0351","s__Neisseria subflava_C",0.328135498320269,0.0011691154329821,0.916120993934087
"g__Brachymonas_HROM_Genome_4814","g__Prevotella_HROM_Genome_0992",-0.328107502799552,0.00117032089001516,0.916120993934087
"g__Kingella_B_HROM_Genome_4817","s__Streptococcus salivarius",-0.328093505039194,0.00117092404211551,0.916120993934087
"s__Neisseria elongata","s__Prevotella jejuni",-0.32795352743561,0.00117697112251223,0.916120993934087
"g__Centipeda_HROM_Genome_2731","s__Bifidobacterium swidsinskii",-0.327631578947368,0.00119098727389421,0.916120993934087
"s__Streptococcus mitis_BO","s__F0428 sp003043955",-0.327631578947368,0.00119098727389421,0.916120993934087
"s__Haemophilus sp001276515","s__Lawsonella sp018376445",0.327379619260918,0.00120206206021594,0.916120993934087
"s__Prevotella baroniae","s__Sphingobium yanoikuyae",0.327379619260918,0.00120206206021594,0.916120993934087
"g__Treponema_D_HROM_Genome_5082","s__Neisseria sp000186165",0.327323628219485,0.00120453579710209,0.916120993934087
"s__Saccharimonas sp013333845","s__Neisseria sicca_A",-0.327309630459127,0.00120515495368358,0.916120993934087
"s__Scardovia wiggsiae","s__Sphingomonas echinoides",-0.327043673012318,0.00121697401023869,0.916120993934087
"s__Streptococcus mitis_AZ","s__Neisseria flavescens",-0.326987681970885,0.00121947561240217,0.916120993934087
"g__Streptococcus_HROM_Genome_2309","s__Prevotella histicola",-0.326721724524076,0.00123142214526784,0.916120993934087
"s__Bifidobacterium dentium","s__Lactobacillus crispatus",-0.326693729003359,0.00123268583981669,0.916120993934087
"s__Leptotrichia_A sp000469505","s__Bifidobacterium swidsinskii",-0.326623740201568,0.00123585023190752,0.916120993934087
"g__Granulicatella_HROM_Genome_2585","s__Fannyhessea vaginae",-0.326483762597984,0.0012422011637705,0.916120993934087
"g__Streptococcus_HROM_Genome_2459","s__Neisseria flavescens",-0.326315789473684,0.00124986140693175,0.916120993934087
"s__Capnocytophaga endodontalis","g__Neisseria_HROM_Genome_4837",-0.326245800671893,0.00125306581877443,0.916120993934087
"s__Treponema medium","s__Brevundimonas sp002434505",0.325811870100784,0.00127310027696897,0.916120993934087
"s__Simonsiella muelleri","s__Kocuria palustris",-0.325727883538634,0.00127701134738838,0.916120993934087
"g__Brachymonas_HROM_Genome_4814","s__Prevotella histicola",-0.3256718924972,0.00127962478561511,0.916120993934087
"g__Olsenella_F_HROM_Genome_0958","s__Neisseria subflava_C",-0.325293952967525,0.00129739290051957,0.916120993934087
"s__Capnocytophaga bilenii","s__Escherichia coli",-0.325237961926092,0.00130004417954996,0.916120993934087
"g__Actinomyces_HROM_Genome_0339","s__Lactobacillus gasseri",-0.325195968645017,0.00130203586571519,0.916120993934087
"s__Streptococcus mitis_BO","s__Veillonella dispar",-0.325195968645017,0.00130203586571519,0.916120993934087
"s__Treponema_D sp014334335","s__Sphingobium yanoikuyae",0.325195968645017,0.00130203586571519,0.916120993934087
"g__Campylobacter_A_HROM_Genome_1609","g__Prevotella_HROM_Genome_0980",-0.325125979843225,0.00130536149920854,0.916120993934087
"g__Porphyromonas_HROM_Genome_1091","s__Veillonella atypica",-0.32474804031355,0.00132345353937112,0.916120993934087
"g__Centipeda_HROM_Genome_2744","s__Bifidobacterium swidsinskii",-0.324678051511758,0.00132682878678522,0.916120993934087
"g__Treponema_HROM_Genome_5042","s__Brevundimonas sp002434505",0.324566069428891,0.00133224543627791,0.916120993934087
"g__RGIG9060_HROM_Genome_5099","g__Streptococcus_HROM_Genome_2214",0.32441209406495,0.00133972609991936,0.916120993934087
"g__Porphyromonas_HROM_Genome_1091","s__Veillonella sp900552445",-0.3243281075028,0.00134382250976674,0.916120993934087
"s__Neisseria mucosa_A","s__Porphyromonas gingivalis",-0.324286114221725,0.00134587497423535,0.916120993934087
"g__Granulicatella_HROM_Genome_2622","g__Porphyromonas_HROM_Genome_1062",-0.324062150055991,0.00135686957423018,0.916120993934087
"s__Prevotella baroniae","s__Corynebacterium aurimucosum_E",0.324020156774916,0.00135894011180366,0.916120993934087
"s__CAJPSE01 sp905373185","s__Sphingobium yanoikuyae",0.323880179171333,0.00136586262576494,0.916120993934087
"s__Kingella kingae","s__Porphyromonas pasteri",0.323432250839866,0.00138823021936312,0.916120993934087
"g__Nanogingivalis_HROM_Genome_3850","s__Streptococcus rubneri",-0.323404255319149,0.00138963916502006,0.916120993934087
"g__Streptococcus_HROM_Genome_2292","g__Alloprevotella_HROM_Genome_1042",0.323306270996641,0.00139458069580895,0.916120993934087
"g__Porphyromonas_HROM_Genome_1091","s__Corynebacterium matruchotii",-0.323292273236282,0.00139528792844242,0.916120993934087
"g__Treponema_HROM_Genome_5052","s__Sphingobium yanoikuyae",0.323264277715565,0.00139670336977857,0.916120993934087
"g__Streptococcus_HROM_Genome_2544","s__Neisseria flavescens",-0.323250279955207,0.00139741157874581,0.916120993934087
"f__Anaerovoracaceae_HROM_Genome_1951","s__Acinetobacter johnsonii",0.323180291153415,0.00140095751186865,0.916120993934087
"s__Bifidobacterium dentium","g__Porphyromonas_HROM_Genome_1062",-0.323124300111982,0.0014038001322617,0.916120993934087
"s__Actinomyces timonensis","s__Prevotella intermedia",-0.323026315789474,0.00140878730880671,0.916120993934087
"g__Kingella_B_HROM_Genome_4817","s__F0428 sp003043955",-0.322956326987682,0.00141235941009613,0.916120993934087
"g__HOT-345_HROM_Genome_2927","s__Acinetobacter johnsonii",0.322956326987682,0.00141235941009613,0.916120993934087
"s__Haemophilus sp001276515","s__Porphyromonas gingivalis",-0.32288633818589,0.00141593972386049,0.916120993934087
"g__Streptococcus_HROM_Genome_2395","s__Veillonella parvula_A",-0.32271836506159,0.00142456608366156,0.916120993934087
"g__Streptococcus_HROM_Genome_2271","g__Corynebacterium_HROM_Genome_0366",-0.322662374020157,0.00142745211020169,0.916120993934087
"s__Porphyromonas catoniae","g__Prevotella_HROM_Genome_0992",-0.32263437849944,0.00142889711078714,0.916120993934087
"s__Actinomyces oris_B","s__Neisseria flavescens",-0.322452407614782,0.00143832199147819,0.916120993934087
"g__Prevotella_HROM_Genome_1016","s__Pauljensenia sp000466265",-0.32238241881299,0.00144196192917975,0.916120993934087
"s__Johnsonella sp900766185","s__Cutibacterium modestum",0.322368421052632,0.00144269091819003,0.916120993934087
"g__Prevotella_HROM_Genome_0987","s__Lactobacillus iners",0.322256438969765,0.0014485348706352,0.916120993934087
"s__Leptotrichia_A sp001274535","s__Bifidobacterium swidsinskii",-0.32221444568869,0.00145073188024176,0.916120993934087
"s__Capnocytophaga granulosa","s__Streptococcus agalactiae",0.322116461366181,0.00145586998935377,0.916120993934087
"s__Porphyromonas gingivalis","s__Neisseria sicca_A",-0.322116461366181,0.00145586998935377,0.916120993934087
"g__Pauljensenia_HROM_Genome_0261","s__Veillonella tobetsuensis",0.322032474804031,0.00146028720776097,0.916120993934087
"g__Campylobacter_A_HROM_Genome_1259","g__Corynebacterium_HROM_Genome_0366",-0.322004479283315,0.00146176231162668,0.916120993934087
"s__Prevotella multisaccharivorax","s__Acinetobacter junii",-0.321948488241881,0.0014647165724993,0.916120993934087
"s__Streptococcus mitis_BO","s__Neisseria elongata",-0.321724524076148,0.00147658781827211,0.916120993934087
"s__Peptostreptococcus sp900759325","s__Bifidobacterium swidsinskii",-0.321710526315789,0.00147733265877899,0.916120993934087
"g__Streptococcus_HROM_Genome_2456","s__Burkholderia contaminans",0.321318589025756,0.00149832695817518,0.916120993934087
"s__Lachnoanaerobaculum saburreum","s__Sphingomonas sp017418975",0.321248600223964,0.00150210426672241,0.916120993934087
"g__RGIG9060_HROM_Genome_5099","s__Escherichia coli",-0.321192609182531,0.00150513232465336,0.916120993934087
"s__Saccharimonas sp905372095","s__Kocuria palustris",-0.321108622620381,0.00150968478423351,0.916120993934087
"g__Streptococcus_HROM_Genome_2539","s__Comamonas tsuruhatensis",-0.321010638297872,0.00151501175490648,0.916120993934087
"f__Pasteurellaceae_HROM_Genome_4958","s__Porphyromonas gingivalis",-0.32043673012318,0.00154655606419019,0.916120993934087
"s__Porphyromonas catoniae","s__Bacteroides uniformis",-0.320254759238522,0.00155668144557317,0.916120993934087
"g__Streptococcus_HROM_Genome_2193","s__Prevotella timonensis",0.32010078387458,0.00156529593584454,0.916120993934087
"s__Treponema vincentii","s__Sphingobium yanoikuyae",0.319988801791713,0.00157158811516195,0.916120993934087
"g__Brachymonas_HROM_Genome_4814","s__Prevotella intermedia",-0.319974804031355,0.00157237624620277,0.916120993934087
"s__Streptococcus mitis_BO","s__Porphyromonas gingivalis",-0.319918812989922,0.00157553235129754,0.916120993934087
"g__Bacteroides_D_HROM_Genome_1066","s__Cutibacterium modestum",-0.319806830907055,0.00158186177980293,0.916120993934087
"g__Campylobacter_A_HROM_Genome_1263","s__Klebsiella pneumoniae",0.319736842105263,0.00158582935731855,0.916120993934087
"s__Bacteroides_D sp013333195","s__CAISGS01 sp017418605",0.319652855543113,0.00159060234489328,0.916120993934087
"g__Streptococcus_HROM_Genome_2357","s__Neisseria mucosa_A",-0.31951287793953,0.00159858624029642,0.916120993934087
"g__Streptococcus_HROM_Genome_2296","s__Moraxella_A cinereus",-0.319246920492721,0.00161385568688098,0.916120993934087
"g__Streptococcus_HROM_Genome_2212","s__Acidovorax_A wautersii",-0.319022956326988,0.00162681645849226,0.916120993934087
"s__Neisseria sicca_A","g__Porphyromonas_HROM_Genome_1125",-0.318994960806271,0.00162844316316076,0.916120993934087
"g__Streptococcus_HROM_Genome_2428","s__Prevotella aurantiaca",-0.318910974244121,0.00163333211625657,0.916120993934087
"g__Centipeda_HROM_Genome_2734","s__Cutibacterium modestum",0.318756998880179,0.00164232971958053,0.916120993934087
"s__Haemophilus_A parahaemolyticus_A","s__Lawsonella sp018376445",0.318561030235162,0.00165384609579003,0.916120993934087
"s__Porphyromonas catoniae","s__Prevotella melaninogenica",-0.318407054871221,0.00166294589908846,0.916120993934087
"g__Peptoanaerobacter_HROM_Genome_1940","s__Xanthomonas campestris",0.318407054871221,0.00166294589908846,0.916120993934087
"s__Haemophilus haemolyticus","s__Lawsonella sp018376445",0.318393057110862,0.00166377539678886,0.916120993934087
"s__Saccharimonas sp905372095","s__Lactobacillus crispatus",-0.318365061590146,0.00166543551569879,0.916120993934087
"g__Streptococcus_HROM_Genome_2332","s__Alloprevotella sp900095835",0.318169092945129,0.00167709838699542,0.916120993934087
"g__Mogibacterium_HROM_Genome_1917","s__Veillonella tobetsuensis",0.318141097424412,0.0016787705313571,0.916120993934087
"g__JABCPE02_HROM_Genome_1193","s__Escherichia coli",-0.318127099664054,0.00167960716917347,0.916120993934087
"s__Streptococcus mitis_AI","s__Lawsonella sp018376445",0.318057110862262,0.00168379602060185,0.916120993934087
"s__Neisseria sicca_A","s__Corynebacterium matruchotii",-0.317945128779395,0.00169051784874927,0.916120993934087
"s__Treponema sp018336815","s__Brevundimonas sp002434505",0.317861142217245,0.00169557514378531,0.916120993934087
"g__Pauljensenia_HROM_Genome_0222","s__Kocuria palustris",0.31773516237402,0.00170318675628494,0.916120993934087
"g__Nanosyncoccus_HROM_Genome_4466","s__Porphyromonas gingivalis",-0.317707166853303,0.001704882418385,0.916120993934087
"g__Lancefieldella_HROM_Genome_0712","s__Alloprevotella sp900095835",-0.317525195968645,0.00171594150219591,0.916120993934087
"g__Streptococcus_HROM_Genome_2238","g__Prevotella_HROM_Genome_0993",-0.317357222844345,0.00172620744615972,0.916120993934087
"g__Porphyromonas_HROM_Genome_1102","g__Cupriavidus_HROM_Genome_4891",0.317287234042553,0.00173050129581805,0.916120993934087
"s__Porphyromonas catoniae","s__Streptococcus rubneri",-0.317273236282195,0.00173136122423649,0.916120993934087
"s__Prevotella seregens","s__Prevotella aurantiaca",-0.317175251959686,0.00173739155425128,0.916120993934087
"s__Neisseria sicca_A","s__Streptococcus rubneri",-0.317105263157895,0.00174171055746442,0.916120993934087
"g__JABCPE02_HROM_Genome_1196","s__Escherichia coli",-0.317105263157895,0.00174171055746442,0.916120993934087
"s__Streptococcus mitis_BO","g__Prevotella_HROM_Genome_0980",-0.31697928331467,0.00174950924259107,0.916120993934087
"s__Streptococcus mitis_AX","s__Lawsonella sp018376445",0.316881298992161,0.00175559670623807,0.916120993934087
"g__Streptococcus_HROM_Genome_2377","s__Neisseria mucosa_A",-0.316769316909294,0.00176257725969992,0.916120993934087
"s__Pauljensenia cardiffensis","s__Prevotella intermedia",-0.316685330347144,0.00176782913670497,0.916120993934087
"g__Streptococcus_HROM_Genome_2520","s__Neisseria subflava_C",-0.316391377379619,0.00178632233665967,0.916120993934087
"s__Treponema_D paredis","s__Moraxella_A cinereus",0.316321388577828,0.0017907511815841,0.916120993934087
"g__Streptococcus_HROM_Genome_2427","s__Pseudomonas aeruginosa",0.316307390817469,0.00179163814102806,0.916120993934087
"f__Lachnospiraceae_HROM_Genome_1882","s__Micrococcus luteus",0.316265397536394,0.00179430140309115,0.916120993934087
"g__Nanogingivalis_HROM_Genome_3850","s__Acidovorax_A wautersii",-0.316195408734602,0.001798748128355,0.916120993934087
"g__Abiotrophia_HROM_Genome_2562","s__Lactobacillus iners",-0.315831466965286,0.00182203211285651,0.916120993934087
"s__Peptostreptococcus sp900759325","s__Veillonella tobetsuensis",0.31578947368421,0.001824736183876,0.916120993934087
"g__Streptococcus_HROM_Genome_2278","s__Pseudomonas_E juntendi",0.315733482642777,0.0018283472546969,0.916120993934087
"s__Eubacterium_B sulci","s__Prevotella melaninogenica",0.315719484882419,0.00182925103109955,0.916120993934087
"g__Nanosynbacter_HROM_Genome_3434","s__Acinetobacter johnsonii",0.315719484882419,0.00182925103109955,0.916120993934087
"s__Aggregatibacter segnis_A","s__Acidovorax_A wautersii",-0.315243561030235,0.00186022072761647,0.916120993934087
"s__Streptococcus mitis_BO","s__Streptococcus rubneri",-0.315145576707727,0.00186665535757162,0.916120993934087
"g__Nanogingivalis_HROM_Genome_3850","s__Bacteroides uniformis",-0.315131578947368,0.00186757623049092,0.916120993934087
"g__Streptococcus_HROM_Genome_2377","s__Neisseria elongata",-0.315103583426652,0.00186941920798696,0.916120993934087
"s__Prevotella shahii","s__Alloprevotella sp015257125",0.315047592385218,0.00187311009411078,0.916120993934087
"g__Kingella_B_HROM_Genome_4817","s__Prevotella jejuni",-0.315047592385218,0.00187311009411078,0.916120993934087
"g__Capnocytophaga_HROM_Genome_1217","s__Escherichia coli",-0.315005599104143,0.00187588257851277,0.916120993934087
"g__Capnocytophaga_HROM_Genome_1228","s__Prevotella shahii",-0.31494960806271,0.00187958499239671,0.916120993934087
"s__Porphyromonas sp905372525","s__Acinetobacter johnsonii",0.31486562150056,0.0018851509942242,0.916120993934087
"s__Saccharimonas sp013333845","g__Prevotella_HROM_Genome_0992",-0.314837625979843,0.00188700963493534,0.916120993934087
"g__Oribacterium_HROM_Genome_1771","s__Prevotella shahii",0.314795632698768,0.00188980070054453,0.916120993934087
"s__Streptococcus sp013394695","s__Prevotella veroralis",0.314487681970885,0.00191038274952963,0.916120993934087
"s__Porphyromonas catoniae","g__Porphyromonas_HROM_Genome_1125",-0.314431690929451,0.00191414662267054,0.916120993934087
"s__Treponema_D socranskii","s__Neisseria subflava_C",-0.314375699888018,0.00191791719340166,0.916120993934087
"g__Nanoperiomorbus_HROM_Genome_3111","s__Escherichia coli",-0.314375699888018,0.00191791719340166,0.916120993934087
"s__JABZIP01 sp015258265","s__Neisseria subflava_C",0.314333706606943,0.00192074952303531,0.916120993934087
"g__Centipeda_HROM_Genome_2745","s__Bifidobacterium swidsinskii",-0.314123740201568,0.0019349679251435,0.916120993934087
"s__Streptococcus mitis_Q","s__Neisseria mucosa_A",-0.314011758118701,0.00194258988058811,0.916120993934087
"s__Desulfobulbus oralis","s__Neisseria subflava_C",-0.313997760358343,0.00194354452914204,0.916120993934087
"s__Neisseria sicca_A","s__Veillonella sp900552445",-0.313899776035834,0.00195023894152879,0.916120993934087
"g__Streptococcus_HROM_Genome_2367","s__Veillonella tobetsuensis",-0.313843784994401,0.00195407366297377,0.916120993934087
"s__JABZIP01 sp015258265","s__Klebsiella pneumoniae",0.313815789473684,0.00195599357607053,0.916120993934087
"g__Haemophilus_A_HROM_Genome_4931","s__Lawsonella sp018376445",0.313619820828667,0.00196948073583078,0.916120993934087
"s__Haemophilus haemolyticus","s__Porphyromonas gingivalis",-0.313549832026876,0.00197431789261212,0.916120993934087
"s__Actinomyces oris","s__Lawsonella sp018376445",0.313451847704367,0.00198110793456068,0.916120993934087
"g__Tannerella_HROM_Genome_1115","s__Neisseria sp000186165",0.313395856662934,0.00198499741844395,0.916120993934087
"s__Peptoanaerobacter yurii","s__Neisseria flavescens",-0.313353863381859,0.00198791905450382,0.916120993934087
"s__Actinomyces oris_E","s__Lawsonella sp018376445",0.313255879059351,0.00199475130981157,0.916120993934087
"s__Haemophilus_A parahaemolyticus_A","s__Prevotella timonensis",0.313241881298992,0.00199572907497113,0.916120993934087
"s__Porphyromonas catoniae","s__Veillonella dispar",-0.313101903695409,0.00200553055141816,0.916120993934087
"g__Oribacterium_HROM_Genome_1855","s__Sphingomonas sp017418975",-0.313101903695409,0.00200553055141816,0.916120993934087
"s__Johnsonella sp905373785","s__Bifidobacterium swidsinskii",-0.31308790593505,0.00200651308524734,0.916120993934087
"g__Streptococcus_HROM_Genome_2367","s__Tannerella forsythia",-0.313045912653975,0.00200946329455917,0.916120993934087
"g__Actinomyces_HROM_Genome_0320","s__Lactobacillus iners",-0.313045912653975,0.00200946329455917,0.916120993934087
"s__Flexilinea sp001717545","s__Escherichia coli",-0.313031914893617,0.00201044756749971,0.916120993934087
"s__Prevotella pleuritidis","s__Pseudomonas aeruginosa",-0.312975923852184,0.00201438901294313,0.916120993934087
"s__Capnocytophaga endodontalis","s__Prevotella shahii",-0.312961926091825,0.0020153754635683,0.916120993934087
"g__Streptococcus_HROM_Genome_2323","s__Neisseria sicca_A",0.312905935050392,0.00201932562819432,0.916120993934087
"s__Neisseria sicca_A","s__Veillonella atypica",-0.312891937290034,0.00202031426072754,0.916120993934087
"g__Porphyromonas_HROM_Genome_1091","s__Lautropia mirabilis",-0.312877939529675,0.00202130333014978,0.916120993934087
"g__Tannerella_HROM_Genome_1115","s__Bifidobacterium swidsinskii",-0.312863941769317,0.0020222928366303,0.916120993934087
"g__Nanosynbacter_HROM_Genome_3464","g__Corynebacterium_HROM_Genome_0366",-0.312807950727884,0.00202625523652245,0.916120993934087
"g__Campylobacter_A_HROM_Genome_1597","s__Paraclostridium bifermentans",0.312765957446809,0.0020292316338556,0.916120993934087
"g__Saccharimonas_HROM_Genome_3314","s__Escherichia coli",0.312653975363942,0.00203718799609865,0.916120993934087
"g__F0428_HROM_Genome_1701","s__Veillonella parvula_A",0.312625979843225,0.00203918148099766,0.916120993934087
"s__Campylobacter_B sp900539505","s__Prevotella shahii",-0.312597984322508,0.00204117672635414,0.916120993934087
"s__Prevotella marshii","s__Sphingobium yanoikuyae",0.312597984322508,0.00204117672635414,0.916120993934087
"f__Lachnospiraceae_HROM_Genome_1882","s__Prevotella timonensis",0.312555991041433,0.00204417289822759,0.916120993934087
"s__Gemella sp900766305","s__Klebsiella pneumoniae",-0.312555991041433,0.00204417289822759,0.916120993934087
"g__Centipeda_HROM_Genome_2738","s__Bifidobacterium dentium",0.312541993281075,0.00204517250389088,0.916120993934087
"s__Treponema_D buccale","s__Corynebacterium aurimucosum_E",0.312444008958567,0.00205218210492819,0.916120993934087
"s__Streptococcus mitis_BO","s__Streptococcus salivarius",-0.312276035834266,0.00206424902230016,0.916120993934087
"g__Streptococcus_HROM_Genome_2193","s__Pseudomonas_E juntendi",0.312150055991041,0.00207334118885182,0.916120993934087
"g__Streptococcus_HROM_Genome_2301","s__Acidovorax_A wautersii",-0.312094064949608,0.0020773937386292,0.916120993934087
"f__Anaerovoracaceae_HROM_Genome_1924","s__Xanthomonas campestris",0.312094064949608,0.0020773937386292,0.916120993934087
"s__Tannerella forsythia","s__Neisseria sicca_A",-0.312052071668533,0.00208043783991458,0.916120993934087
"s__Johnsonella sp905373785","s__Cutibacterium modestum",0.311954087346025,0.00208755640092711,0.916120993934087
"s__Limosilactobacillus vaginalis","s__Tannerella forsythia",-0.311954087346025,0.00208755640092711,0.916120993934087
"g__Streptococcus_HROM_Genome_2332","s__Alloprevotella sp905369775",0.31191209406495,0.00209061393459336,0.916120993934087
"s__Actinomyces timonensis","s__Prevotella jejuni",-0.31191209406495,0.00209061393459336,0.916120993934087
"g__Nanosynbacter_HROM_Genome_3724","s__Neisseria flavescens",-0.31191209406495,0.00209061393459336,0.916120993934087
"g__Campylobacter_A_HROM_Genome_1604","s__Prevotella melaninogenica",-0.311842105263158,0.00209571880373863,0.916120993934087
"s__Haemophilus_A parahaemolyticus","s__Prevotella timonensis",0.311814109742441,0.00209776389833363,0.916120993934087
"s__Nanosyncoccus sp013332965","s__Neisseria elongata",0.311660134378499,0.00210904413674623,0.916120993934087
"s__Streptococcus mitis_AI","s__Alloprevotella sp905369775",-0.311618141097424,0.00211213004753833,0.916120993934087
"s__Bifidobacterium dentium","s__Klebsiella pneumoniae",-0.311520156774916,0.00211934635226493,0.916120993934087
"s__Streptococcus sanguinis_E","s__Neisseria flavescens",-0.311450167973124,0.00212451446427757,0.916120993934087
"s__Bacteroides zoogleoformans","s__Escherichia coli",-0.311450167973124,0.00212451446427757,0.916120993934087
"g__Alloprevotella_HROM_Genome_1051","g__Bergeyella_A_HROM_Genome_1209",-0.311296192609183,0.00213592434732045,0.916120993934087
"s__Phocaeicola abscessus","s__Neisseria sp000090875",-0.311282194848824,0.00213696434513986,0.916120993934087
"s__Prevotella aurantiaca","s__Acinetobacter junii",0.311240201567749,0.00214008707958579,0.916120993934087
"g__Mogibacterium_HROM_Genome_1916","s__Escherichia coli",0.311072228443449,0.00215261921657636,0.916120993934087
"g__Gemella_HROM_Genome_2682","g__Corynebacterium_HROM_Genome_0366",-0.311016237402016,0.00215681127986856,0.916120993934087
"s__Streptococcus oralis_N","g__Prevotella_HROM_Genome_0992",-0.310960246360582,0.00216101070412617,0.916120993934087
"g__Porphyromonas_HROM_Genome_1125","s__Bifidobacterium swidsinskii",-0.310820268756999,0.00217154154326558,0.916120993934087
"s__Centipeda sp000468035","s__Bifidobacterium swidsinskii",-0.310820268756999,0.00217154154326558,0.916120993934087
"g__Butyrivibrio_HROM_Genome_1674","s__Brevundimonas sp002434505",0.310806270996641,0.00217259716821738,0.916120993934087
"s__Streptococcus oralis_H","s__Prevotella histicola",-0.310792273236282,0.00217365325588537,0.916120993934087
"g__Veillonella_HROM_Genome_2836","s__Neisseria subflava_C",0.310792273236282,0.00217365325588537,0.916120993934087
"g__Kingella_B_HROM_Genome_4856","s__Prevotella jejuni",-0.310764277715565,0.00217576682008006,0.916120993934087
"g__Granulicatella_HROM_Genome_2596","s__Lactobacillus gasseri",-0.310764277715565,0.00217576682008006,0.916120993934087
"s__Streptococcus anginosus_C","s__Pseudomonas aeruginosa",0.310708286674132,0.00217999950887812,0.916120993934087
"g__Kingella_B_HROM_Genome_4817","s__Actinomyces graevenitzii",-0.31055431131019,0.00219167771404712,0.916120993934087
"s__Campylobacter_A concisus_AC","s__Lactobacillus gasseri",0.31030235162374,0.00221090921846234,0.916120993934087
"s__Alloprevotella sp900095835","g__Bergeyella_A_HROM_Genome_1209",-0.310260358342665,0.00221412921894448,0.916120993934087
"g__Streptococcus_HROM_Genome_2223","s__Prevotella aurantiaca",-0.309980403135498,0.00223570415003034,0.916120993934087
"g__Lachnoanaerobaculum_HROM_Genome_1727","s__Veillonella tobetsuensis",0.309938409854423,0.00223895668277103,0.916120993934087
"g__Porphyromonas_HROM_Genome_1091","s__Prevotella salivae",-0.309826427771557,0.00224765096516781,0.916120993934087
"g__Actinomyces_HROM_Genome_0322","s__Prevotella shahii",-0.309700447928331,0.0022574683963395,0.916120993934087
"g__Prevotella_HROM_Genome_0979","s__Burkholderia contaminans",0.309644456886898,0.00226184409097211,0.916120993934087
"s__Actinomyces sp900323545","s__Neisseria flavescens",-0.309504479283315,0.00227281678806052,0.916120993934087
"s__SDRK01 sp007845205","s__Streptococcus agalactiae",-0.309350503919373,0.00228494214043505,0.916120993934087
"g__Alloprevotella_HROM_Genome_1039","s__Lactobacillus iners",0.309280515117581,0.00229047290884062,0.916120993934087
"s__Streptococcus sanguinis_F","s__Prevotella aurantiaca",-0.309238521836506,0.00229379715720485,0.916120993934087
"s__Veillonella sp900552445","s__Veillonella tobetsuensis",0.309224524076148,0.00229490620564876,0.916120993934087
"g__HOT-345_HROM_Genome_2915","s__Prevotella pallens",0.309154535274356,0.00230045869856372,0.916120993934087
"g__JABCPE02_HROM_Genome_1195","s__Escherichia coli",-0.309028555431131,0.00231048369675037,0.916120993934087
"s__Saccharimonas sp013333845","s__Prevotella intermedia",-0.309000559910414,0.00231271681225218,0.916120993934087
"g__Campylobacter_A_HROM_Genome_1638","s__Achromobacter xylosoxidans",-0.308720604703247,0.00233515515027247,0.916120993934087
"g__Streptococcus_HROM_Genome_2518","s__Prevotella aurantiaca",-0.308538633818589,0.00234984503785858,0.916120993934087
"s__Granulicatella sp905371865","s__Prevotella histicola",-0.308482642777156,0.00235438171959699,0.916120993934087
"g__Prevotella_HROM_Genome_0979","s__Alloprevotella sp905369775",0.308468645016797,0.00235551712197401,0.916120993934087
"g__Nanosynbacter_HROM_Genome_3693","s__Neisseria flavescens",-0.308356662933931,0.00236461811014751,0.916120993934087
"g__Rothia_HROM_Genome_0196","s__Eubacterium_B sulci",0.308300671892497,0.00236918046982268,0.916120993934087
"g__Neisseria_HROM_Genome_4825","s__Bacteroides uniformis",-0.308258678611422,0.00237260744062172,0.916120993934087
"g__F0428_HROM_Genome_1701","s__CAISGS01 sp017418605",0.308244680851064,0.00237375075589786,0.916120993934087
"g__Prevotella_HROM_Genome_1162","s__Neisseria sicca_A",-0.308230683090706,0.00237489456732544,0.916120993934087
"g__Granulicatella_HROM_Genome_2574","s__Acidovorax_A wautersii",-0.30818868980963,0.00237832898039757,0.916120993934087
"s__Streptococcus constellatus","s__Prevotella intermedia",-0.30802071668533,0.00239211140491455,0.916120993934087
"s__Leptotrichia trevisanii","s__Neisseria subflava_C",-0.307824748040314,0.00240828177165312,0.916120993934087
"g__Saccharimonas_HROM_Genome_3314","s__Prevotella shahii",-0.307712765957447,0.00241756610786042,0.916120993934087
"g__Fretibacterium_HROM_Genome_5105","s__Neisseria subflava_C",-0.307712765957447,0.00241756610786042,0.916120993934087
"s__Streptococcus mitis_AI","g__Prevotella_HROM_Genome_1010",0.307670772676372,0.00242105603378656,0.916120993934087
"s__Rothia sp015265375","s__Kocuria palustris",0.307572788353863,0.00242921683998554,0.916120993934087
"f__Anaerovoracaceae_HROM_Genome_1924","s__Stenotrophomonas maltophilia_A",0.307558790593505,0.00243038468888986,0.916120993934087
"g__Streptococcus_HROM_Genome_2332","s__Micrococcus luteus",-0.307488801791713,0.00243623151874298,0.916120993934087
"s__Streptococcus mitis_BM","g__Corynebacterium_HROM_Genome_0366",-0.307446808510638,0.00243974569179847,0.916120993934087
"s__JABZIP01 sp015258265","s__Neisseria sp000186165",0.307404815229563,0.00244326442752278,0.916120993934087
"g__Streptococcus_HROM_Genome_2329","s__Alloprevotella sp015259235",0.307376819708847,0.0024456127887075,0.916120993934087
"g__Nanosynbacter_HROM_Genome_3516","s__Porphyromonas gingivalis",-0.30734882418813,0.0024479631815752,0.916120993934087
"s__CAG-793 sp013333395","s__Sphingomonas sp017418975",-0.307306830907055,0.00245149258363769,0.916120993934087
"s__Gemella haemolysans_B","s__Streptococcus agalactiae",-0.307152855543113,0.00246447294772855,0.916120993934087
"g__Nanosyncoccus_HROM_Genome_4466","s__Neisseria mucosa_A",-0.307110862262038,0.00246802376714315,0.916120993934087
"o__Saccharimonadales_HROM_Genome_3869","s__Neisseria flavescens",-0.307054871220605,0.00247276535595239,0.916120993934087
"s__Streptococcus mitis_N","s__Veillonella atypica",-0.30684490481523,0.00249061942409239,0.916120993934087
"s__Alloprevotella sp900095835","s__Kocuria palustris",-0.30676091825308,0.00249779347530386,0.916120993934087
"g__Neisseria_HROM_Genome_4825","g__Prevotella_HROM_Genome_0992",-0.30676091825308,0.00249779347530386,0.916120993934087
"g__JABCPE02_HROM_Genome_1204","s__Alloprevotella sp015259235",0.306732922732363,0.0025001889549288,0.916120993934087
"s__Neisseria bacilliformis","s__Neisseria flavescens",-0.306732922732363,0.0025001889549288,0.916120993934087
"s__Porphyromonas catoniae","s__Pauljensenia sp000466265",-0.306550951847704,0.00251581003008877,0.916120993934087
"g__Treponema_B_HROM_Genome_5024","s__Micrococcus luteus",0.306508958566629,0.00251942734197241,0.916120993934087
"g__Streptococcus_HROM_Genome_2212","s__Cutibacterium modestum",-0.306508958566629,0.00251942734197241,0.916120993934087
"s__Haemophilus_D parainfluenzae_N","s__Neisseria flavescens",-0.306494960806271,0.00252063415217687,0.916120993934087
"g__Mogibacterium_HROM_Genome_1917","g__Bergeyella_A_HROM_Genome_1209",0.306396976483763,0.00252909639774761,0.916120993934087
"g__Streptococcus_HROM_Genome_2103","s__Prevotella salivae",0.306382978723404,0.00253030737433967,0.916120993934087
"s__Campylobacter_A rectus","s__Streptococcus salivarius",-0.306368980963046,0.00253151887261101,0.916120993934087
"g__Nanosyncoccus_HROM_Genome_4400","s__Prevotella timonensis",0.306354983202688,0.0025327308927576,0.916120993934087
"f__Anaerovoracaceae_HROM_Genome_1951","s__Prevotella pallens",-0.306256998880179,0.00254122966276252,0.916120993934087
"s__Neisseria sicca_A","g__Bergeyella_A_HROM_Genome_1209",-0.306243001119821,0.00254244586497231,0.916120993934087
"g__Pauljensenia_HROM_Genome_0253","s__Neisseria subflava_C",0.306229003359463,0.00254366259082355,0.916120993934087
"s__Phocaeicola abscessus","s__Prevotella salivae",-0.306187010078387,0.00254731591219189,0.916120993934087
"g__Haemophilus_A_HROM_Genome_4931","s__Porphyromonas gingivalis",-0.306159014557671,0.00254975408158312,0.916120993934087
"g__Kingella_B_HROM_Genome_4858","s__Klebsiella pneumoniae",-0.306159014557671,0.00254975408158312,0.916120993934087
"s__Veillonella sp900552445","s__Tannerella forsythia",0.306047032474804,0.00255952776777566,0.916120993934087
"g__W11650_HROM_Genome_1878","s__Alloprevotella sp015257125",0.305935050391937,0.00256933514350325,0.916120993934087
"g__Campylobacter_A_HROM_Genome_1542","s__Xanthomonas campestris",0.305921052631579,0.00257056343930098,0.916120993934087
"g__Campylobacter_A_HROM_Genome_1335","s__Cutibacterium acnes",-0.305879059350504,0.00257425149655061,0.916120993934087
"g__Cryptobacteroides_HROM_Genome_0964","s__Brevundimonas sp002434505",0.305851063829787,0.00257671284491091,0.916120993934087
"s__Pauljensenia odontolytica_A","s__Prevotella shahii",-0.305795072788354,0.00258164189323106,0.916120993934087
"s__Porphyromonas catoniae","g__Bergeyella_A_HROM_Genome_1209",-0.305795072788354,0.00258164189323106,0.916120993934087
"s__Streptococcus mitis_BQ","g__Corynebacterium_HROM_Genome_0366",-0.305781075027996,0.00258287547971791,0.916120993934087
"s__Streptococcus mitis_BO","s__Veillonella atypica",-0.305711086226204,0.00258905136851828,0.916120993934087
"g__Bulleidia_HROM_Genome_2044","s__Pseudomonas_E juntendi",-0.305627099664054,0.00259647996531942,0.916120993934087
"g__Veillonella_HROM_Genome_2832","s__Neisseria subflava_C",0.305501119820829,0.00260765880741384,0.916120993934087
"g__Nanosynbacter_HROM_Genome_3517","s__Escherichia coli",0.305473124300112,0.0026101488649878,0.916120993934087
"s__Prevotella shahii","g__Streptococcus_HROM_Genome_2214",-0.305459126539754,0.00261139469548767,0.916120993934087
"s__Streptococcus mitis_BO","s__Veillonella sp900552445",-0.305459126539754,0.00261139469548767,0.916120993934087
"g__Brachymonas_HROM_Genome_4814","g__Prevotella_HROM_Genome_0994",-0.305445128779395,0.00261264106072932,0.916120993934087
"s__Fretibacterium fastidiosum","s__Neisseria flavescens",-0.305445128779395,0.00261264106072932,0.916120993934087
"g__Porphyromonas_HROM_Genome_1125","s__Ralstonia pickettii_B",0.305361142217245,0.00262013049295834,0.916120993934087
"g__Kingella_B_HROM_Genome_4817","s__Prevotella intermedia",-0.305333146696529,0.0026226312573741,0.916120993934087
"s__Streptococcus oralis_Y","s__Alloprevotella sp905369775",-0.305193169092945,0.00263516730417083,0.916120993934087
"s__Porphyromonas catoniae","s__Veillonella rogosae",-0.305165173572228,0.00263768096971777,0.916120993934087
"g__Streptococcus_HROM_Genome_2323","s__Kocuria palustris",0.305095184770437,0.00264397456879888,0.916120993934087
"s__Porphyromonas catoniae","s__Capnocytophaga gingivalis",-0.30506718924972,0.00264649578674559,0.916120993934087
"s__Streptococcus pseudopneumoniae_E","s__Porphyromonas gingivalis",-0.305011198208287,0.00265154470861824,0.916120993934087
"s__Bacteroides_D sp905373665","s__Cutibacterium modestum",-0.304997200447928,0.00265280829150898,0.916120993934087
"g__Actinomyces_HROM_Genome_0328","s__Lawsonella sp018376445",0.304941209406495,0.00265786803881996,0.916120993934087
"s__Streptococcus mitis_N","s__Veillonella sp900552445",-0.304941209406495,0.00265786803881996,0.916120993934087
"s__Neisseria mucosa_A","s__Aggregatibacter sp000466335",-0.304941209406495,0.00265786803881996,0.916120993934087
"s__Streptococcus mitis_AP","s__Porphyromonas gingivalis",-0.304927211646137,0.00265913433059508,0.916120993934087
"s__Streptococcus oralis_L","s__Prevotella timonensis",0.304913213885778,0.00266040116475355,0.916120993934087
"g__Streptococcus_HROM_Genome_2518","s__F0428 sp003043955",-0.304913213885778,0.00266040116475355,0.916120993934087
"s__Neisseria mucosa_A","s__Corynebacterium matruchotii",-0.30489921612542,0.00266166854149764,0.916120993934087
"g__Streptococcus_HROM_Genome_2384","s__Veillonella tobetsuensis",-0.30489921612542,0.00266166854149764,0.916120993934087
"s__Mogibacterium timidum","s__Acidovorax_A wautersii",-0.304829227323628,0.00266801357108705,0.916120993934087
"s__Prevotella seregens","s__Streptococcus salivarius",-0.304801231802912,0.00267055538810939,0.916120993934087
"s__Oribacterium sp000160135","g__Neisseria_HROM_Genome_4825",0.304773236282195,0.00267309938195658,0.916120993934087
"g__Saccharimonas_HROM_Genome_3319","s__Prevotella sp000257925",-0.304745240761478,0.00267564555425169,0.916120993934087
"s__Campylobacter_A sp905372745","s__Prevotella veroralis",-0.304689249720045,0.00268074444068275,0.916120993934087
"g__Tannerella_HROM_Genome_1116","s__Bifidobacterium swidsinskii",-0.30464725643897,0.00268457433601777,0.916120993934087
"s__Eubacterium_B sulci","s__Prevotella aurantiaca",0.304549272116461,0.00269352989340273,0.916120993934087
"g__Brachymonas_HROM_Genome_4814","s__Porphyromonas gingivalis",-0.304535274356103,0.00269481144858073,0.916120993934087
"s__Prevotella aurantiaca","s__Burkholderia contaminans",0.304353303471445,0.00271152161467826,0.916120993934087
"g__Treponema_HROM_Genome_5043","s__Fannyhessea vaginae",0.304199328107503,0.00272573366418348,0.916120993934087
"s__Campylobacter_A sp905372745","s__Prevotella melaninogenica",-0.304157334826428,0.00272962127886792,0.916120993934087
"g__Streptococcus_HROM_Genome_2358","s__Burkholderia contaminans",-0.304143337066069,0.00273091825735824,0.916120993934087
"g__Streptococcus_HROM_Genome_2332","s__Acinetobacter baumannii",-0.304143337066069,0.00273091825735824,0.916120993934087
"g__Nanogingivalis_HROM_Genome_3850","s__Citrobacter freundii",-0.304101343784994,0.00273481251649571,0.916120993934087
"s__Porphyromonas catoniae","s__Prevotella jejuni",-0.304073348264278,0.00273741146103456,0.916120993934087
"g__Gemella_HROM_Genome_2694","s__Escherichia coli",0.303961366181411,0.00274782944915283,0.916120993934087
"g__Leptotrichia_HROM_Genome_2877","s__Acidovorax_A wautersii",0.303849384098544,0.00275828305246779,0.916120993934087
"g__Nanogingivalis_HROM_Genome_3850","g__Bergeyella_A_HROM_Genome_1209",-0.303835386338186,0.00275959226234636,0.916120993934087
"s__Johnsonella ignava","s__Lawsonella sp018376445",0.303807390817469,0.00276221235735656,0.916120993934087
"s__Streptococcus parasanguinis_B","s__Prevotella salivae",0.303779395296753,0.00276483468741878,0.916120993934087
"s__Bacteroides zoogleoformans","s__Prevotella salivae",-0.303681410974244,0.00277403046762407,0.916120993934087
"g__Streptococcus_HROM_Genome_2519","s__Prevotella shahii",-0.303555431131019,0.00278589398901343,0.916120993934087
"g__Gemella_HROM_Genome_2689","s__Porphyromonas gingivalis",-0.303471444568869,0.00279382830656976,0.916120993934087
"g__Ottowia_HROM_Genome_4903","s__Escherichia coli",-0.303457446808511,0.00279515266475417,0.916120993934087
"g__Arachnia_HROM_Genome_0396","s__Cutibacterium modestum",0.303289473684211,0.0028110890119106,0.916120993934087
"s__Centipeda massiliensis","s__Acidovorax_A wautersii",0.303275475923852,0.00281242071793115,0.916120993934087
"s__Streptococcus sp905373305","s__Prevotella veroralis",0.303261478163494,0.00281375299063535,0.916120993934087
"g__Kingella_B_HROM_Genome_4817","s__Capnocytophaga leadbetteri",-0.303261478163494,0.00281375299063535,0.916120993934087
"g__Neisseria_HROM_Genome_4825","s__Rothia aeria",-0.303247480403135,0.00281508583023283,0.916120993934087
"s__Alloprevotella tannerae_A","s__Acinetobacter junii",0.303219484882419,0.00281775321094669,0.916120993934087
"g__Neisseria_HROM_Genome_4825","s__Lautropia mirabilis",-0.303079507278835,0.00283112419948566,0.916120993934087
"s__Treponema_C maltophilum","s__Neisseria subflava_C",-0.30303751399776,0.00283514659415917,0.916120993934087
"s__Treponema sp000775995","s__Sphingobium yanoikuyae",0.302939529675252,0.00284455215055186,0.916120993934087
"s__Bifidobacterium dentium","s__Xanthomonas campestris",-0.302925531914894,0.00284589808670934,0.916120993934087
"g__Campylobacter_B_HROM_Genome_1390","s__Neisseria flavescens",-0.30286954087346,0.00285128755289567,0.916120993934087
"g__Tannerella_HROM_Genome_1115","s__Moraxella_A cinereus",0.30286954087346,0.00285128755289567,0.916120993934087
"g__Mogibacterium_HROM_Genome_1915","s__Escherichia coli",0.302841545352744,0.00285398572188175,0.916120993934087
"g__Nanogingivalis_HROM_Genome_3856","g__Prevotella_HROM_Genome_0980",-0.302799552071669,0.00285803727498632,0.916120993934087
"s__Neisseria mucosa_A","s__Veillonella sp900552445",-0.30278555431131,0.00285938894010136,0.916120993934087
"s__Nanosynbacter sp010202845","s__Neisseria flavescens",-0.30278555431131,0.00285938894010136,0.916120993934087
"g__Nanoperiomorbus_HROM_Genome_3029","g__Neisseria_HROM_Genome_4837",-0.302771556550952,0.00286074117927616,0.916120993934087
"g__Mogibacterium_HROM_Genome_1917","s__Porphyromonas gingivalis",0.302729563269877,0.00286480134327827,0.916120993934087
"s__Streptococcus pseudopneumoniae_L","s__Porphyromonas endodontalis",0.302715565509519,0.00286615588081161,0.916120993934087
"s__Streptococcus mitis_AX","s__Stenotrophomonas maltophilia",0.302589585666293,0.00287837262448307,0.916120993934087
"g__Nanogingivalis_HROM_Genome_3862","s__Moraxella_A cinereus",-0.302519596864502,0.00288517989050407,0.916120993934087
"s__Neisseria mucosa_A","s__Veillonella atypica",-0.302393617021277,0.00289746940734466,0.916120993934087
"g__Streptococcus_HROM_Genome_2307","s__Ralstonia pickettii_B",-0.302393617021277,0.00289746940734466,0.916120993934087
"s__Prevotella seregens","s__Neisseria subflava_C",-0.30236562150056,0.00290020678579225,0.916120993934087
"g__Actinomyces_HROM_Genome_0320","s__Comamonas tsuruhatensis",-0.302323628219485,0.00290431720733013,0.916120993934087
"s__Abiotrophia sp001815865","s__Lactobacillus iners",-0.302295632698768,0.00290706039342821,0.916120993934087
"g__Streptococcus_HROM_Genome_2267","s__Prevotella sp000257925",0.302225643896976,0.00291392853891543,0.916120993934087
"g__Neisseria_HROM_Genome_4825","s__Capnocytophaga leadbetteri",-0.30219764837626,0.00291667987370652,0.916120993934087
"s__Streptococcus pseudopneumoniae_C","s__Achromobacter xylosoxidans",-0.302071668533035,0.00292908976426553,0.916120993934087
"g__Gemella_HROM_Genome_2689","s__Streptococcus rubneri",-0.302057670772676,0.00293047156286636,0.916120993934087
"g__Nanosynbacter_HROM_Genome_3476","s__Escherichia coli",0.302043673012318,0.00293185394663005,0.916120993934087
"s__Porphyromonas catoniae","s__Capnocytophaga leadbetteri",-0.301889697648376,0.00294709885037803,0.916120993934087
"g__Prevotella_HROM_Genome_1010","s__Acidovorax_A wautersii",0.301889697648376,0.00294709885037803,0.916120993934087
"s__Streptococcus pseudopneumoniae_C","s__Paraclostridium bifermentans",-0.301819708846585,0.00295405184481446,0.916120993934087
"s__Streptococcus mitis_AZ","s__Porphyromonas gingivalis",-0.30177771556551,0.00295823070571182,0.916120993934087
"g__Granulicatella_HROM_Genome_2576","s__Klebsiella pneumoniae",-0.301665733482643,0.00296940028775753,0.916120993934087
"g__Centipeda_HROM_Genome_2729","s__Moraxella_A cinereus",0.301553751399776,0.00298060770748542,0.916120993934087
"s__Aggregatibacter kilianii","s__Porphyromonas gingivalis",-0.301525755879059,0.0029834154875848,0.916120993934087
"s__Phocaeicola abscessus","s__Neisseria sicca_A",-0.301525755879059,0.0029834154875848,0.916120993934087
"g__Streptococcus_HROM_Genome_2099","s__Acidovorax_A wautersii",0.301413773796193,0.00299467036087149,0.916120993934087
"s__Saccharimonas sp013333845","s__Veillonella tobetsuensis",-0.301161814109742,0.00302013325664155,0.916120993934087
"s__CAG-793 sp013333395","s__Prevotella timonensis",-0.301091825307951,0.00302724067505026,0.916120993934087
"f__Anaerovoracaceae_HROM_Genome_1924","s__CAISGS01 sp017418605",0.300993840985442,0.00303721627390873,0.916120993934087
"s__Bifidobacterium dentium","s__Stenotrophomonas maltophilia",-0.300951847704367,0.00304150055172551,0.916120993934087
"g__Streptococcus_HROM_Genome_2292","s__Veillonella dispar",0.300909854423292,0.00304579025082618,0.916120993934087
"s__Alloprevotella tannerae_A","s__Ralstonia pickettii_B",0.300909854423292,0.00304579025082618,0.916120993934087
"g__JABCPO02_HROM_Genome_1962","s__Pseudomonas aeruginosa",-0.300783874580067,0.00305869193537023,0.916120993934087
"g__Nanogingivalis_HROM_Genome_3856","s__Prevotella melaninogenica",-0.300769876819709,0.00306012847799583,0.916120993934087
"s__Prevotella multisaccharivorax","s__Alloprevotella sp900095835",-0.300657894736842,0.0030716426260316,0.916120993934087
"s__Neisseria sp000090875","s__Prevotella jejuni",-0.300601903695409,0.00307741426110414,0.916120993934087
"g__Nanosynbacter_HROM_Genome_3693","s__Neisseria mucosa_A",-0.300573908174692,0.00308030372511244,0.916120993934087
"g__Leptotrichia_HROM_Genome_2869","g__Neisseria_HROM_Genome_4825",0.300489921612542,0.00308898672434279,0.916120993934087
"s__Porphyromonas catoniae","s__Actinomyces graevenitzii",-0.300461926091825,0.0030918859324157,0.916120993934087
"g__Pauljensenia_HROM_Genome_0264","s__Prevotella jejuni",0.300461926091825,0.0030918859324157,0.916120993934087
"s__Streptococcus mitis_BO","g__Porphyromonas_HROM_Genome_1125",-0.300321948488242,0.0031064186153927,0.916120993934087
"g__Nanogingivalis_HROM_Genome_3866","s__Tannerella forsythia",-0.300279955207167,0.00311079035087362,0.916120993934087
"g__Brachymonas_HROM_Genome_4814","s__Veillonella rogosae",-0.300265957446809,0.00311224882176738,0.916120993934087
"g__Brachymonas_HROM_Genome_4814","s__Capnocytophaga gingivalis",-0.300237961926092,0.00311516760349607,0.916120993934087
"g__Brachymonas_HROM_Genome_4814","s__Streptococcus rubneri",-0.300237961926092,0.00311516760349607,0.916120993934087
"g__Bulleidia_HROM_Genome_2047","s__Pseudomonas_E juntendi",-0.300209966405375,0.00311808883997041,0.916120993934087
"s__Streptococcus pseudopneumoniae_L","s__Capnocytophaga leadbetteri",0.3001679731243,0.00312247530124574,0.916120993934087
"s__Streptococcus mitis_BO","s__Prevotella melaninogenica",-0.300125979843225,0.00312686729577172,0.916120993934087
"s__Neisseria elongata","s__Prevotella shahii",-0.300055991041433,0.00313419959919739,0.916120993934087
"g__Pauljensenia_HROM_Genome_0222","g__Cupriavidus_HROM_Genome_4891",0.300041993281075,0.00313566790878388,0.916120993934087
