feature	F1	F2	F3	F4	F5	F6	F7	F8	F9	F10	F11	F12	F13	F14	F15	F16	F17	F18	F19	F20	F21	F22	F23	F24	F25	F26	F27	F28	F29	F30	F31	F32	F33	F34	F35	F36	F37	F38	F39	F40	F41	F42	F43	F44	F45	F46	F47	F48	F49	F50	F51	F52	F53	F54	F55	F56	F57	F58	F59	F60	F61	F62	F63	F64	F65	F66	F67	F68	F69	F70	F71	F72	F73	F74	F75	F76
U7	0	0	0	0	0	0.00409821221182189	0	0	0	0	0	0.0146407152717987	0	0	0	0.00013470138708529	0	0	0	0	0	0	0	0	0	0	0	0	0	0	0	0	0	0	0	0	7.86609255913859e-05	0	0	0	0	0.0012939745237202	0.137891955388789	0	0.00422979598756794	0.76964753461413	0	0	0.00721547479189464	0.000190171657339982	0.00186762393767295	0.00168968812185101	0	0.000516670390750151	0	0.0461097231418202	0	0	0	0	0	0	0	0	0	0	0	0	0	0	0	0	0.0036278416131311	0	0	0
U8	0.000933373092115077	0	0	0	0.00109159170996082	0.00200697089361096	0	0	0	0	0	0.00796554037630665	0	0	0	7.61573815585379e-05	0	7.87782830106923e-05	8.48144377775829e-05	0	0.0032893427523679	0	0	0	0	0	0	0	0.000117786475795829	0	0	0	0	0	0	0	0.00311312875503526	0	0.0221852498012553	0	0	0	0.127325762086237	0	0.00356110330406042	0.730934067543198	6.85736197427079e-05	9.4199649870661e-06	0.00987701022529987	0.000791460752781775	0.000486397183128266	0.00194691945576063	0	0.00156017481705971	0.000626463941525288	0.0496894142138796	0	0	0	0	0	0	0	0	0	0	0	0	0	0	0.0149325160121982	0.0113548768582595	0.000431737592422954	0.000399902470508027	0	0
U9	0	0	0	0	0	0	0	0	0	0	0	0.009796962564118	0	0	0	3.16912904418393e-05	0	0	3.10836487786443e-05	0	0.00164000715924949	0	0	0	0	0	0	0	0	0	0	0	0	0	0	0	2.26375265324761e-05	0	0	0	0	0.00278648946123404	0.612734475605264	0	0.000865062291703838	0.342432222607089	8.42826405907497e-06	0	0.00359644357772305	0.00106949178253579	0.00076993324531914	0	0	7.97696155784117e-05	0.000252868222824558	0.0148558403756102	0	0	0	0.000538546062939306	0	0	0	0	0	0	0.00149903530422905	0	0	0	0	0	0.00371899656596488	0.000141241623153305	4.91298101384205e-06	0
U10	0	0	0	0.000649080245668511	0	0	0	0	0	0	0	0.00658591295821028	0.0003781453071687	0	0	9.63763589625508e-05	8.59900809069083e-05	4.54143155920159e-05	5.5413230309416e-05	0	0	0	0	0	0	0	0	7.99430381062314e-05	0.00168874369816519	0	0	0	0	0	0	0	0.00222407540160324	0	0.00416231878224936	0	0.06000474316534	0	0	0	0.00744807127185925	0.868039340887334	0	0.000896799363271922	0.00787293819895843	0.00413638075592012	0.00160839114665582	0	0	1.4789485701417e-05	0	0.0171004100057653	0	0	0	0	0	0	0	0.00331499042509834	0.000200485268036666	0	0	0	0	0	0.00354704929665267	0	0.00552588353469179	0	0	0
U11	0	0	0	0	0	0	0	0	0	0	0	0.0156838749468051	0	0	0	7.85115822024798e-05	0	0.000104897166321472	5.29875764516307e-05	0	0	0	9.44309319232804e-05	0	0	0	0	0	0.000120239849814889	0	0	0	0	0	0	0	4.53996050823103e-05	0	0.0437262039055043	0	0.0670057232527458	0.0283020871500639	0.289744440974354	0	0.00684496045980441	0.514013808585095	0	0	0.000699223723009092	2.62963854173495e-05	0.000985186398098568	0.00016837015151341	0	1.27982398479671e-05	0	0.0166244253347673	0.00242167109310634	0	0	0	0	0	0	0.00102238487520623	0	0	0	0	0	0	3.88488220249933e-05	0.00365057486719262	0.004434757143715	0	0	0
U12	0	0	0	0	0	0.00319691596794809	0	0	0	0	0	0.0280129843974758	0	0	0	0.000197432781162921	0.000159226435297951	0.000110789494426563	0.000141085809782231	0	0	0	0	0	0	0	0	0.000187883265718926	0.00565123179734864	0	4.22011884705309e-05	0	0	0	0	0	0.000342498522190532	0	0	0	0	0	0	0	0	0.884303688257572	0	0	0.00621984580297022	0.000871155945115041	0	0	0	0.000525238260779925	0	0.0437529780391852	8.20477839553311e-05	0	0	0	0	0	0	0.00401808622989336	0.000252480042704994	0.000180832358961548	0	0	0	0	0	0	0.0077410389173524	0	0.000662616622120754	0
U13	0	0	0	0	0.0018545659197998	0	0	0	0	0	0	0.013840303212776	0	0	0	9.81898962359084e-05	0	0	0	0	0	0	0	0	0	0	0	0	0.000135339303860635	0	0	0	0	0	0	0	9.46311017034985e-05	0	0	0	0	0.0488584205426138	0	0	0.0118244160846494	0.864589736493445	0	0	0.0107553847581518	0.00126544735343051	0	0	0.000852866356242003	0.000961962719620961	0	0.0378060074343928	0	0	0	0	0	0	0	0.000188751329197821	0	0	0	0	0	0	0	0	0.00183792151974823	0	0	0
U14	0	0	0	0	0	0	0	0	0	0	0	0.0168537140177327	0	0	0	6.84486263924238e-05	0	5.12132925159962e-05	0.00203914950463079	0	0	0	0	0	0	0	0	0	8.07178977936923e-05	0	0	0	0	0	0.00410991765521053	0	6.77269348684636e-05	0	0	0	0	0	0	0	0.00812741683414698	0.88272087288184	0	0	0.0109148302353538	0	0	0	0	2.1869418250565e-05	0	0.0716614593171122	0	0.000711639598216872	0	0	0	0	0	0	0	0	0	0	0	0	5.41911979414341e-05	0	0.00175402866918527	0	0.000762803918808028	0
U15	0	0	0	0	0	0.000364515146076562	0	0	0	0	0	0.0292478975632395	0	0	0	6.46882445259115e-05	0	3.68327448723096e-05	0	0	0	0	0	0	0	0	0	0.000937641324747498	0	0	0	0	0	0	0	0	0	0	0.00679573086605488	0	0	0.0227744164534435	0	0	0.012650967676037	0.889012053298947	0	0	0.00862839760369854	0	0.000773705490503897	0	0	0.000514239694949792	0	0.0232861179693864	0	0	0	0.000132224673415325	0	0	0.00206621379566351	0	0	0	0	0	0	0	0.00155242855330174	0	8.12582663054199e-05	0	0	0
U17	0	0	0	0.00906303676340686	0	0.00125755424309864	0	0.000780434760848834	0	0	0	0.0130080368030531	0.00095522665276638	0	0	0.000101336427645133	0	0	0	0	0	0	0	0	0	0	0	5.68219779556127e-05	0.0030714678891366	0	0	0	0	0.0034971332252313	0	0	0.00162831830663091	0	0.0178350870066444	0	0.0527285110106894	0.0139182285896023	0	0	0.00591838745949586	0.795411245034671	0	9.13958544864625e-06	0.00990643172530953	0	0	0	0	0.000537166433070297	0	0.050614764734825	0	0	0	0	0	0	0	0.000139958882506927	8.36619001339696e-05	0	0	0	0	5.30831102472363e-05	0	0	0.00606737859717968	0	0	0
U18	0	0	0	0	0	0.0113369582298366	0.00193050135758138	0.0610238210117499	0	0.0110916069553167	0	0.00513164911895427	0.000322219197796392	0	0	2.00727683467431e-05	0	4.96532450119985e-05	0	0	0	0.00116772920573812	0	0	0	0	0.00739876329067015	0.0100957948889075	0	0	0.00350416783754736	0.00161674509295191	0.00197680536096513	0	0.00153548775703056	0	0.0339237578406508	0	0	0	0.0729621475781915	0.00952299416774114	0.261898038804384	0	0.000582490656300117	0.198306413673215	0.000190437490296315	2.83750414358485e-06	0.00156164537437278	0	0.000759221757981831	0	0	6.60879955393409e-06	0	0.0115264181168872	0.000264163164159424	0.00326372764839558	0	0.00247584427792507	0	0	0	0.00974319596084906	0.00731143060481071	0	0	0	0	0	0	0	0.00476810865802163	0.0134479515161611	0	0
U19	0	0	0.000229406239353026	1.64831330578997e-05	0	8.08925604510851e-05	0	0.000920967413597021	0	0.000179059983607132	0	0.00392881465203294	7.21250160809166e-05	0	0	1.33464860817839e-05	0	2.16239701187817e-05	0	0	0	0	0	0	0	0	0	0	2.19853417788268e-05	0	0	0	0	0	0	0.000475195701715287	1.33227870475678e-05	0	0.00100726304495537	0	0.223364684544932	0.0012452027899902	0.712842623817204	0	0.000306828461502629	0.0449893491500971	0	7.03310455248593e-06	0.000549110655569466	0	0	0	0	0	0	0.00283550882262011	5.37655235724836e-05	0.000442715497471419	0.000432915680831011	0.000635507689964154	0.000261032437487001	0	0	0.000891173540357607	0.000684361764593328	0.000842688405291512	0	0	0	5.77715527154502e-05	0	0	0.000276104885962208	0	0	0
U20	0	0	0	0	0	0	0	0	0	0	0	0.0071956895168355	0.00205409016130234	0	0	0	0	0	0	0	0	0.00101870926373084	0	0	0	0	0	5.95276046419228e-05	3.10390652171543e-05	0	0	0	0	0	0	0	0.00965781401693495	0	0.0659876454324438	0	0.10151163730586	0.03195401181461	0	0	0.00545759707965272	0.7175770822571	7.93337010170424e-06	0	0.00866978999665622	0	0	0	0	3.19365572374552e-05	0	0.0353255445985141	0	0	0	0	0	0	0	0	0	0	0	1.50305201116072e-05	0	0.000939820892614054	0.00786525708607026	0	5.03578934918449e-05	0	0	0
U21	0	0	0	0	0	0.000158392491170935	0	0	0	0	0	0.0154647714279636	0	0	0	7.70835938228032e-05	0	0	0	0	0	0	0	0.00220239379124899	0	0	0	9.34506845898232e-05	0	0	0	0	0	0	0	0	6.09688514086846e-05	0	0	0	0.0602313461117339	0	0	0	0.0122399073917337	0.855574684005108	6.55493163236034e-06	5.27409258650619e-06	0.00680702409370247	0	0	0.000920904356850824	0	3.00271719301894e-05	0	0.0432790545298253	0.000324757376652367	0	0	0	0	0	0	0	0	0	0	1.41930634649303e-05	0	0.000294068706124555	2.36745033279508e-05	0	2.77387411030458e-05	0	0	0
U22	0	0	0	0	0	0	0.0011825083593763	0	0	0	0	0.00703325035000119	0	0	0	0	0	0	0	0	0	0	0	0	0	0	0	3.52829032475523e-05	0	0	0	0	0	0	0	0	0.000350554117987156	0	0	0	0	0	0.627133979840322	0	0.00353476358598893	0.32994107623547	0	0	0.0050663870702181	0	0	0	0	0.000514843439625349	0	0.0246147963051042	0	0	0	0	0	0	0	0	0	0	0	0	0	4.1201612004008e-05	0	0	0.00055135618065454	0	0	0
U23	0	0	0	0	0.00116680468607353	0	0	0	0	0	0	0.0276843080509179	2.50584617039625e-05	0	0	0.000201160789718622	0	0	0	0	0	0	0	0	0	0	0	0.000161837886895171	8.43861035163311e-05	0	0	0	4.26133060996796e-05	0	0	0	0.000100306565093822	0	0	0	0	0	0.0358157279414186	0	0.00795117627631588	0.885194825419705	2.51632906345717e-05	0	0.0102447960296887	0	0	0.00445944721101457	0	6.88620355953945e-05	0	0.023472523683959	0.00170889306821932	7.6722822162973e-05	0	0.000166855052867213	0	0	0	0	0	0	0	4.96199493071103e-05	0	0.000249461831019415	0	0	9.88780856605062e-05	0	2.14035778197999e-05	0
U24	0	0	0.00219208404348892	0	0	0	0	0	0	0	0	0.00444062614619933	0	0	0	3.70511714270608e-05	0	0	0	0	0	0	0	0	0	0	0	4.2849585929354e-05	9.18536718853539e-05	0	0	0	0	0	0	0	0	0	0.0054688890027141	0	0	0.0120589730798744	0.640185430666561	0	0.00264464753816295	0.303185819963017	0	0	0.00366015162257657	0.000152019778133375	0.000191441469737885	0.000786115421989487	0	0.00104585858778676	0.000107976159903583	0.0134439064957599	0	0	0	0	0	0	0	0	0	0	0	0	0	2.93554129862611e-05	0	0.000805139192593245	0	0	0	0
U25	0	0	0	0	0	4.52951736168857e-05	0	0	0	0	0	0.00554483323120007	0.00236209154961457	0	0	0.000134658016101068	0	0	0	0	0	0	0	0	0	0	0	7.1191612209578e-05	0.00239960644173618	0	0	0	0	0	0	0	0	0	0	0	0	0	0.383530557909145	0	0.00519003679819264	0.573901003751775	0	0	0.00534921299540379	0	0	0.000852854280984236	0	0.000567270116538838	0	0.0162578065502987	0	0	0	0	0	0	0	0	0	0	0	1.28397493521109e-05	0	0.000114012404476913	0	0	0.00299213850667874	0	0.000674590912675732	0
U26	0	0	0	0.00841360230522782	0	0	0	0	3.39977892712064e-05	0	0	0.0134036770466963	0	0.000149444359242953	4.83903566333448e-05	0.000186498313603088	0.000106134743695317	5.90786771104715e-05	0.000157991889391158	0	0	0	0.000121563521538251	0	8.48106370561197e-05	0.000178498350047903	0	8.34908907895378e-05	0.000145113710311539	0	0	0	0	0	0	0	0.00013393450321391	0	0	0	0	0.019311039327341	0	0	0.0130430148378262	0.908281191786474	3.46175310810297e-05	0	0.00485310874322562	0	0	0	0	2.05944029642252e-05	0	0.0202080801550871	0	8.20933964551374e-05	0	0.000139366333913563	0	0	0	0	0.000199026218607937	0.000268324620979094	0	0	0	0	7.1444493704702e-05	0.00384753106911198	0.000224969131352981	0	2.37826174375702e-05	0
U27	0	0	0.0101558351401674	0.0426791382216082	0	0.00597633350242587	0	0	0	0	0	0.0167992967600167	0	0.139031024760146	0	3.45821770984229e-05	0	4.00772496724272e-05	3.00847911225425e-05	0	0	0	0	0	0	0	0	0	2.41784687968651e-05	0	1.28555463014759e-05	0	0	0.025344804719367	0	0	0.00536999360835337	0	0	0	0.0806000452400137	0.0254987672029108	0	0	0.00175915648205655	0.323967175169661	0	0	0.00232758279068788	0.000513147595417936	0.000244978786589258	0.00140723461965829	0	0.00051831111359112	0	0.0155417600054217	0	0	0	0	0	0	0	0	0	0	0	0	0	0	0	0	0.00175476250300649	0.000671121071913916	0.00018227923364734	0.000869827501263125
U28	0	0	0	0	0.0128794294612809	0.00241220188758319	0	0	0	0	0	0.00288911382023235	0	0.000225807393392359	6.82424736309019e-05	0.000114536065107253	0.000134708599198285	0	0	0	0	0	0	0	0	0	0	9.41943207806468e-05	0.000112555428390589	0	0	0	0	0	0	0	0.00337409695173081	0	0	0	0	0.0468986240226038	0	0	0.0279831759176622	0.817600894872514	0	0	0.00723360444535122	0.00266006224827076	0.000600569248908725	0.00209389845761821	0	2.17824034350981e-05	0.00180471270198869	0.0301098393424591	0	0	0	0	0	0	0	0	0	0.00493107882440174	0	0	0	0	7.55658121187341e-05	0	0.000166009186207468	0.00642671702681858	0.000392889490379857	0
U29	0	0	0	0	0	0	0	0	0	0	0	0.00259356961758034	0.000168966730795552	0.000250760276114028	0	0.000139206665295155	0	0.000114350816995711	0	0	0	0	0	0	0	0	0	0.00193034261786248	0.000134562342616646	0	0	0	0	0	0	0	8.27973280424133e-05	0	0.0255847541236877	0	0.185292097610322	0.0184833078383235	0	0	0.00753682279934968	0.712775901513681	0	0	0.00629152559104844	0	0	0	0	0.00078870500785086	0	0.0160027988920882	0	0	0	0	0	0	0	0.00260071054098659	0	0	0	0	0.0001828875989891	0	0.0087283957009567	0	0.00899454193446355	0	1.68025211841784e-05	0
U30	0	0	0.00432346593938402	0.0516014849709774	0.00188779235269343	0	0	0	0.00199233372908111	0	0.00501059646471396	0.0062584556015112	0	0.443709841581295	2.35408601498546e-05	5.67327034350732e-05	3.09793070371116e-05	4.54794031235891e-05	4.89874074525779e-05	0	0	0	0	0	0	0	0	4.12413332462099e-05	7.49388847150922e-05	0	2.16546285938048e-05	0.00232992614641165	0	0	0	0	4.92088350333131e-05	0.00456967084066925	0	0	0	0.00579201769313545	0	0	0.00257400439074202	0.398508167605851	0	0	0.00381076459022183	0.000275113400374821	0	0	0.000398358105763586	6.93603471058361e-06	0.000678508857710976	0.0472695454096217	1.96471772251053e-05	0	0	0	0	0	0	0.00174140619911303	0	0	0	0	0	0	0.00763064840778455	0	7.0481721928596e-05	0	0	0
U31	0	0	0	0	0.000144679699442832	0	0	0	0	0	0	0.00140632066489255	0.000108016492935328	3.32643679748206e-05	0	1.2370070499905e-05	0	0	1.08205998126778e-05	0	0	0	0	0	0	0	0	0	8.69627227486911e-06	0	0	0	0	0	0	0	9.92345828856771e-05	0.131051655666573	0.00640794542931571	0	0.120932465590899	0.00192959084234036	0.526040580025335	0	0.000668626890601675	0.0774491390073982	0	0	0.000891997869371115	0.000109812173752337	0.000121456088704966	1.0368756390047e-05	0	0.000181607748924538	8.01282687248287e-05	0.00516146408499516	0	0	0	0	0	0	0	0	8.31388843076009e-05	0	0	0	0	0	9.15165288337513e-05	0	0.000261483906100664	3.1201388313625e-05	0	0
U32	0	0	0	0	0	0.0049696904053434	0	0	0	0	0	0.00453868959379003	0	0	0	0.000116946786775254	0	0.00273248109240022	9.41367859834492e-05	0	0	0	0	0	0	0	0	0.000134315912576908	9.07867259919417e-05	0	3.87889551079566e-05	0	0	0	0	0	9.24984281611726e-05	0.0657323791633468	0	0	0.0952541423738022	0	0.219425634232564	0	0.0110238559736348	0.551611814024781	0	0	0.00580953720678748	1.47987936626124e-05	0.0016780313739865	1.2586892158252e-05	0	2.76093633013275e-05	0.000970472718925768	0.0246763640487916	0	0	0	0	0	0	0	0.000225808202075451	0.000156952620265722	0.000134896016250272	0	0	0	0	0.00304701007876924	0	0.000294585155100805	0.000640474362007695	0	0
U33	0	0	0.00261780512086374	0	0.000959363223474896	0.00495355715584739	0	0.00748137043058239	0	0	0	0.00956593650600746	0	0	0	8.62044894799348e-05	0	0	7.18688651917458e-05	0	0	0	7.02373652837116e-05	0	0	0	0	0.000118347952855967	8.49622048341569e-05	0	0	0	0	0	0	0.000836058320536363	8.25441068496984e-05	0.000389885881095576	0	0	0	0.0108032347356885	0.105039429634342	0	0.0057793222876733	0.749148758781612	0	0	0.00544517385412518	0.000805325833166748	0.00172035175239797	0.00157595276444624	0.000424578123286655	0.000985246635274503	0.000650455164081634	0.0266357610062541	0.00334629646858568	0	0	0	0	0.00142967065316027	0	0	0.00390884131855695	0	0	0	0	0	0	0	0.00767567058479472	0.00217035031294548	7.32861867577247e-06	0
U34	0	0	0	0	0	0	0	0	0	0	0	0.0252388687915771	0	0	0	0.000232220032249829	0.000122625093577312	9.97274281714491e-05	0	0	0	0.0016356184578596	0	0.00174880358737265	0	0	0	0.000140309861844146	0.000221006815858994	0	0.000390004583195011	0	0	0	0	0	0.00400288547267662	0	0	0	0	0	0.144940258603384	0	0.00446953350989691	0.733523685365911	0	0	0.00565804868106046	0	0.00164879905171849	0.00127846385317055	0.000942974063981676	0.00146821148877344	0	0.0544759835399012	0	0	0	0.000109786386964282	0	0	0	0.000191313806835355	0.000202896428487146	0	0	0	0	0	0	0	0.00548146290136845	0	0	0
U35	0	0	0	0	0	0.000190159647182102	0	0	0	0	0	0.00174406014561773	0	0	9.57461577600333e-06	2.63708617758891e-05	0	0	0	0	0	0	0	0	0	0	0	2.13484806216953e-05	0.000821618144935299	0	0.000160295409178	0	0	0	0	0	0.00036137064451563	0	0.00532258463819145	0	0.19614549902372	0.00221951236475355	0.548482565693724	0	0.00357981124663704	0.227844187838818	0	0	0.00116213549781879	0	0.00013796003231659	0.000133386032168807	0	0.000213271340215852	0	0.00729907215148549	0	0	0	0	0	0	0	0.00108601465758095	0	0	0	0	0	1.13964405710904e-05	0	0.0014305359362972	0.000290965535664424	0	0	0
U36	0	0	0	0	0	0	0	0	0	0	0	0.00788949483957164	0	0	0	0.00241818318377426	0	0	0	0	0	0	0	0	0	0	0	0.000161114769727375	0.00197293901483442	0	0	0	0	0	0	0	0.00324139406372523	0	0.0140688641685718	0	0	0	0.222848134911573	0	0	0.650206050315862	0	0	0.00396854879656932	0.000176707242754922	0	0	0	0.00146050519711685	0	0.0744297995060755	0	0	0	0	0	0	0	0.000195844987899024	0.00020795040037549	0	0	2.37745511772907e-05	0	0.000102622787250729	0.000669758934055823	0	0.00719342016466236	0.00178285330575104	0.000384436242460503	0
U37	0	0	0	0	0	0	0	0	0	0	0	0.012874049185199	0	0	0	0.000126106381779427	0	0	0	0	0	0	0	0	0	0	0	0	7.37408517614032e-05	0	0	0	0	0	0	0	0.000100543180052191	0	0.0559908243962682	0	0	0.0652274949995736	0	0	0.00657505951016374	0.79893976036758	0	0	0.00402988370606955	0	0	0	0	0.000372824276926398	0.000139160207145197	0.0404521796204718	0	0	0	0	0	0	0	0.00131373472620244	0	0	0	0	0	0.00345815410274035	0	0	0.000119637358893146	3.27085121255223e-05	0	0.000890034383577349
U38	0	0	0.000590604333840466	0.000192135338855958	0	0.000186966280066352	0	0.000794222926543001	0	0.000494969813877332	0	0.0005421155355382	0	0	0	0	0	0	0	0	0	0	0	0	0	0	0	0	0	0	0	0	0.00012244936168231	0	0	0	0.000139627504582142	0	0.000924424181314385	0	0.305572467452559	0.00292257816612241	0.669593101385105	0	0.000232333718125948	0.0159409959106965	0	0	0.000156039242274002	0	8.5373687040946e-05	0	2.51770406051934e-05	4.3395855138418e-05	0	0.000715890268058626	0	0	0	0	0	0	0	0	9.8286502462012e-05	0	0	0	0	0	0.00017589235082741	0	0.000191688733841237	0	0	0
U39	0	0	0.0785784520185935	0.0492524658992269	0	0.000603883805470809	0	0	0	0	0.0353572679276624	0.00460465936261919	0	0.0297242893852099	0	7.29651203304308e-05	0	0	0	0	0	0	0	0	0	0	0	3.75040049929667e-05	0	0	0	0	0	0.0145800625329339	0	0	0	0	0.00897182227053882	0.0276602402615222	0.0506029900183503	0	0	0	0.00245945776160796	0.399572098142473	5.83129325094152e-06	6.03236759141744e-06	0.00137925187711683	4.95858207335327e-06	0	0.00135379877800795	0	0.000172762148330832	0	0.013882554695453	0	0	0	0	0	0	0	0.00074429111876749	6.34118224350159e-05	0	0	0	0	5.60580241346225e-05	0.000493426448789066	0	6.69788656656495e-05	0	5.34154374709504e-06	0.000495495119554495
U40	0	0	0.0176373967553931	0.00213786627338098	0	0	0	0.000557243630787137	0	1.16048298411549e-05	1.68437994160514e-05	0.000866381787629532	0	0	0	2.27096982756168e-05	0	0	0	0	0	0	0	0	0	0	0	0	0	0	0	0	0	0	0	0	5.35270406064037e-06	0	0.00242252780685148	7.66947553524297e-05	0.171573895169302	0	0.674719503662304	0	0.00136515253108011	0.119371547953376	3.88914218854649e-06	1.87751691860865e-06	0.0013834297484538	0.000108224413346844	3.09646840743483e-05	0.000240916043453989	6.27173856570648e-05	7.12621378504904e-06	0	0.00376818156514795	0	0	1.51009680726657e-05	0	0	0	0	2.83405814957495e-05	0	0	0	0	0	1.9628455751781e-05	0.000403132461943035	0	0.00204076534928384	0.000204877604110351	0	0
U41	0	0.000594129750610341	0	0.0518831270938274	0	0	0	0.00190052440628832	0	0.00653057556861002	0.00877670010852012	0.00760377848756023	0	0.01258610892035	0	0.00098257218103954	3.59728223120431e-05	0	0	0	0.00569221415210577	0	0.00645641618526529	0	0	0	0	0	0	0	0	0	0	0.0319698324232937	0	0	0.00101881092323029	0	0.0221347958157307	0	0.211111964775203	0.0114163402444909	0	0	0.0062926002973547	0.457696955169686	0	7.45960326826778e-05	0.00314590930217055	5.2028906513551e-05	0.000334508938109048	0	0	0.000317379931765775	0	0.0224193977212455	0	0	0	0	0	0	0	0	0	0	0	0	0	0	0	0	0	0	0.000434705319809904	0.00110167435613745
U42	0	0	0.00269323143691546	0	0	0	0	0	0	0	0	0.0125841676696025	0	0	0	7.21531795522341e-05	0	0	0	0	0	0	0	0.00251867133690779	0	0	0	3.44547174126136e-05	0.00177409209459668	0	0	0	0	0.00100051834734684	0.00172815338287893	0	0	0	0.0645756316915134	0	0.371349149264303	0.037227383416696	0	0	0.00321259627965171	0.464615262759555	1.24363355444531e-05	0	0.00511616849983473	0	0	0	0	2.6293242388682e-05	0	0.0243651147516727	0	0	0	0	0.000934068066895744	0	0	7.88039500414817e-05	0.00238225621088198	0	0	0	0	0	0	0	0.00291877255632024	0.000562978653375505	0	0
U43	0	0	0	4.99378954326302e-05	0	3.50106960782713e-05	0	0	0	0	0	0.00730508123943577	0	0	0	0.000158780003752588	0	0	0	0	0	0	0	0	0	0	0	8.30320784908952e-05	6.10568683864622e-05	0	0	3.64705993838468e-05	0	0	0	0	4.19156019904324e-05	0	0	0	0	0	0	0	0.0150242302054492	0.9305714344909	0	1.25563382222648e-05	0.00649972152562808	8.44466717633222e-06	0.000435172765684014	0	0	0.00311472507068819	0.000252727199041291	0.0340626538222985	0	0	0	0	0	0	0	0.000121361948959583	0	0	0	0	0	0.000113369524265571	0	0	0.0019991865955327	1.31308632036844e-05	0	0
U44	0	0	0.00906582766955904	0.00127727518695024	0	0	0	0	0	7.8312605354601e-05	0	0.00235256296531206	0	0	0	6.99626193697429e-05	3.82035992530529e-05	0	5.41617203281237e-05	0	0	0	0	0	0	0	0	4.16116761505303e-05	5.2234240296476e-05	0	0	0	0	0	0	0	4.04561365445263e-05	0	0.0249897248669101	0	0.178368196372814	0.0365396480759515	0.26674115190626	0	0.00721565328836084	0.250049923513917	0	0.00251940376938116	0.00150235204836659	0.00860475048727041	0.00110427500507799	0	0	0.000610720492743188	0.000233014908737617	0.0158260695835104	0	0	6.26624362337416e-05	0	0	0	0	0	0	0	0.0014963486506275	0	0.0029148121591813	0	0	0	9.1263749190246e-05	0.173525921343744	0	0
U45	0	0	0	0.00319987796552695	0	0	0	0.000604791398571772	0	0.000385230480021112	5.42430555797497e-05	0.0151090636318279	0	0	0	3.36991033773067e-05	3.81198050261206e-05	0	3.45273950430824e-05	0	0	0	0	0	0	0	0	3.33188459018644e-05	2.31642992649485e-05	0	0	0	0	5.13572971799396e-05	0	0	2.67247329587283e-05	0	0.00797063576935472	0.00166012981121563	0.262379435220867	0.00537055996558231	0.306981869403552	0	0.00221489369500821	0.355472099097717	0	0	0.0021402839806975	9.91175465944295e-06	0.000607846558076508	0	0.000156761846020799	5.05446682003782e-05	0	0.0188237646549257	0.000125713560750087	3.86113285971373e-05	0.000500831559634402	0.000934858670709769	3.59313819624137e-05	0	0	0.00117474544364263	4.42636462523212e-05	0	0	0	0	0	0	0	0.00261193530499779	0.000182662233497031	0	0
U46	0	0	0	0.00364703255855723	5.7115231934968e-05	0	0	0.0166712844179897	0	0.00981871674162885	0.00123859533185968	0.000762339800147487	5.5817833033193e-05	0	0	1.0013483047331e-05	0.000420049528321365	6.02043810804462e-06	8.74579672212537e-06	0	0.000900947364631852	0	0	0	0	0	0	8.82328858697795e-06	9.73808258327248e-05	0	0	0	0	0.00143578343879008	0	0	4.24624284748846e-05	0	0.00262890304736284	0.0441992415111652	0.179525154442303	0.000335021269881417	0.646365923731116	0	0.000490788989297287	0.0559494697449555	0	0	0.000886965141058846	1.16656876041949e-06	0.000114647301800546	1.40326315301371e-05	1.07857730270088e-05	5.17441612182558e-05	3.0043045491142e-05	0.00293758348249477	0.00258557591611574	0	0.0132648828344519	0	0.000503244247146865	0.00291643387011056	0.000711076211306173	0	0.00019557814422006	0	0	0	0	0	0	0	7.46413751373978e-06	7.78478340168368e-05	6.31924342076043e-05	6.87876635830107e-05
U47	0	0	0.00755520148094185	0.719125579201146	0.000689548138144199	0	0	7.8018409668977e-05	0	4.24086423468266e-05	0	0.00204222187402113	0	0	0	2.02965352932966e-05	0	1.99314857906328e-05	1.91774496141651e-05	0	0	0	2.39237198563398e-05	0	0	0	0	2.12820864085193e-05	3.15502462657925e-05	0	0	0	0	0	0	0	1.73440090461009e-05	0	3.32294556353859e-05	0.000233053230640018	0.00772644321890208	0.0209337469925763	0.0627264831439941	0	0.00319830610439635	0.162912973486678	0	9.57584214562851e-05	0.00145588765372486	0.000277241966985765	0.000223958129738566	4.82670280573793e-06	0.000150275282871555	1.45907452273754e-05	2.47676350662077e-06	0.00979511384805275	2.75533501073666e-05	0	5.32140739974642e-05	0	0	0	0	6.43138441969374e-05	0	0	0	0	0	0	0	0	3.76549280418515e-05	2.7881607291426e-06	2.80188715295099e-06	0
U49	0	0	0	0.0373457950583776	0	0.00123987439959327	0	0.000172615263288951	0	0	0	0.00342554785472931	0	0	3.14953013793715e-05	0.000167392387357426	0	9.26964436165852e-05	0.000113847807266028	0	0	5.4856320340216e-05	0.000189147669051621	0	6.62395982384609e-05	0.00288726658494668	0	9.78133253626024e-05	0.000134589028156338	0.000102197901740577	4.2371101012918e-05	0	0	0	0	0	0.000606244044854778	0	0.0148746688433864	0.000401670589147211	0	0.0263377284157754	0	0	0.00160883747216911	0.812870829279357	0	0	0.0115969189823538	0.000879667840091172	0.00337769133068499	0.000822991903137212	1.44826872175702e-05	0.00260725492762455	0.000668819230026377	0.0522018922275872	0	0	0.000140600441113006	0.000144065206915898	0	0	0	0.000309760990629803	0	0	0	0	0	0	0	0	0.00665032709667308	1.95503040604641e-05	0	0
U50	0	0	0	0.00232628800330056	0	0	0	0	3.33458975475932e-05	0.00686284688316394	0	0.00477612100720562	0	0	2.90048982752456e-05	9.7361888506137e-05	0	8.69188399518268e-05	6.64124961232236e-05	0	0	4.19895674744177e-05	0	0	0.00115903654031308	0	0	4.36746934914156e-05	5.21881127759452e-05	0	0	0	0	0	0	0	0.00177941681666475	0	0.0521674950458202	0	0	0.0556638835615976	0	0	0.00890489932183682	0.820778100301832	0	0	0.0118225703022789	0.00020210473562027	0.000585383048629266	0.00204566632739961	0.000860584857987893	0.000692844028005864	0.000143253709230597	0.0269891545998792	0	0	2.69055565513797e-05	0.00148353281844457	0	0	0	0.000172889396568297	0	0	0	0	0	0	3.94169506429299e-05	0	6.67097928809693e-05	0	0	0
U51	0	0	0	0.00471345675441482	0	0	0	0	4.98011162883359e-05	0	0	0.00348678107102757	0	0	2.86399746602001e-05	0.000116165408255003	0	0.000899121856353111	0.000120224342904797	0	0	0	0.000121411641700102	0	0	0	0	6.67092864790308e-05	0.000135270248646144	0	7.27785472314335e-05	0	0	0	0	0	0.0026158901192413	0	0.00668929544258375	0.000446423532514733	0	0.061254560143596	0	0	0.0189047701816264	0.83961521262595	0	0	0.00857484584498751	0	0.00162404528604966	0.00191828297854444	0.00100879961203235	0.00256422990608177	0	0.0210382330795011	0	0	0	0	0	0	0	0.0038287400479931	0	0.000122828454158408	0	0	0	0	0.0137061528574026	0	0.00627732963977599	0	0	0
U52	0	0	0	0	0	0	0	0	0	0	0.00243681215854791	0.0144441900880992	0	0	0	0.000101485116104116	0	0	9.6695276475452e-05	0	0	0	0	0	0	0	0	0	9.32541453656298e-05	0	3.09891781897587e-05	0	0	0	0	0.00142223696275924	0.000180942718510064	0	0	0.219190242564006	0	0	0	0	0.00856422744194673	0.711145828881031	0	0	0.00686308713848047	0	0.000252196045925986	0	0.000380844904976528	0.00186234978675857	0	0.0320932584160303	0	0	0	0	0	0	0	0	0	0	0	0	0	0	3.76623783056629e-05	0	0.00010086382578642	0	0	0
U53	6.84851521122095e-05	0	0	0	0	0	0.0031293408223361	0	0	0	0	0.00970391855970594	0	0	0	0.000114256455929456	9.11861854341111e-05	4.64687518115295e-05	0.000136079801887767	0	0	0	0	0	0	0	0	8.30577125574542e-05	0.000183731956535332	5.09762111490666e-05	2.61666998854278e-05	0	4.54437383547637e-05	0	0	0	0.0123274099860672	0	0	0	0	0.0387046365537898	0	0	0.00275485375086379	0.857474293214516	0	0	0.00723484230366692	0	0.00181745552736256	0	0	2.51438068918303e-05	0	0.0293541191798102	0	0	0	0	0	0	0	0.000239120021791259	0.000682918857235228	0	0	0	0	0	0	0	0.0120654262084544	1.03486900079606e-05	0	0
U54	0	0	0	0	0	0.00160339824924676	0	0	0	0	0	0.0100603121083104	0	0	0	0.000172765764775485	0	0	0	0	0	0	0	0	0	0	0	0	0	0	0	0	0	0	0	0	0.00251754147336121	0	0	0	0	0	0.094981634794247	0	0.00364385966968952	0.847632269933996	0	0	0.00706444947132049	0	0.00296604974939961	0	0	0.000139574445489632	0	0.0119414963531547	0	0	0	0	0	0	0	0	0	0	0	0	0	0	0	0	0.000324528357738056	0	0	0
U55	0	0	0	0	0	4.77207285683682e-05	0	0	0	0	0	0.00962740125702158	0	0.0156096614905045	0	8.2805180125407e-05	0	0	0	0	0	0	0	0	0	0	0	0.00293908221057141	4.84204243000498e-05	0	0	0	0	0	0	0	0	0	0.0260430016805385	0.0186855617690525	0	0	0	0	0.010958583866726	0.851435902263548	0	0	0.00748609080909722	0.000318836327150634	0	0	0	0.000916095175069332	0	0.0346429580919095	0	0	0	0	0	0	0	0	0	0	0	0	0	0	0	0	0.00265785827068707	0	0.000898422415388511	0
U56	0.000801071805579602	0.000611040324570308	0	0.000225091509329727	0	0.00108389369658525	0	0	0	0	0	0.0104843246050026	0	0	0.00037763005092215	0.00178349311732365	0.000861001764450207	0.00115106766295375	0.00193747895073864	0.00138038127264178	0	0.000489473805779838	0.000992784023318885	8.34210880917243e-05	0.000701866045352998	0.00523984933302275	0.00116026015283864	0.00170008668197932	0.00401358554651123	0.000271814791562266	0.00114471303282067	0.000268213212855147	0.000102592987000191	0	0.000529314847967295	5.97388071204537e-05	0.000974489846180712	0	0	0	0.0192799308398937	0	0	0.000392624473748478	0.00666500052126094	0.844071836908841	1.61550980293372e-05	0	0.00605401558851603	0	0.000629579269193431	0	0	0.000704717780812572	0	0.0277830842215289	0.000176275104332465	0.000201131936214509	6.16075874420548e-05	0.000140598217547694	4.90210994381902e-05	0	5.51718121699749e-05	0.00106846945983524	0.000353764832619724	0.000493054182405494	0	2.95140744358167e-05	0	8.49316531417004e-05	0.00264021350439198	0.00295516332015912	0.000102545698588133	0	0	0
U57	0	0	0	0	0	4.26213497314119e-05	0	0	0	0	0.00910034381780106	0.0106253080451792	0	0	0	7.05950401674605e-05	0	0	0	0	0.00145949354385497	0	0	0	0	0	0	0	0	0	0	0	0	7.53349314523867e-05	0	0	0	0.00383796342588388	0.000928752026915312	0.00027247094958516	0	0	0.0864736924533904	0	0.00510771002339989	0.836895706035017	0	0	0.00738429210406158	0.000345420023602749	0.00109659796709541	0.000454178757158525	0	0.00162834933220153	0.000788919119932264	0.0322599795099529	0	0	0	0	0	0	0	0	0	0	0	0	0	0	0	0	7.01628774066928e-05	5.00871323140452e-05	0	0.000509632454736248
U58	0	2.94909536225955e-05	0	0	0	0	0	0	0	0	0	0.0055051016025423	0	0	0	5.92821582334876e-05	7.37072933390715e-05	4.98993339832348e-05	4.65994432144602e-05	0	0	0	0	1.91723611570971e-05	0	0	0	6.58172667949699e-05	6.53688802502501e-05	0	3.62043912186767e-05	0	0	0	0	0	4.11361457261631e-05	0.0253966751983183	0	0	0	0	0	2.87112807146736e-05	0	0.953256372977563	0	0	0.00245090978407147	0	0	0	0	0.000517778084081408	0	0.011312850843763	0	0	0	0	0	0	0	0	0	0	0	0	0	0	0	0	0	0	0	0
U59	0	0	0	0	0	0	0	0	0	0	0	0.00499102452039807	0	0	0	0	0	0	0	0	0	0	0	0	0	0	0	0	0	0	0	0	0	0	0	0	0.000362411928393821	0.110946573830314	0	0	0	0	0	0	0	0.826633618323407	0	0	0.00182694183845039	0	0	0	0.000682922291215635	0.000183896370792004	0	0.0516797525930685	0	0	0	0	0	0.00227759303457697	0	0	0	0	0	0	0	0	0	0	0.00041526526938375	0	0	0
U60	0	0	0	0	0	0.00765037874611918	0	0	0	0	0	3.41682976245282e-05	0	0	0	0	0	0	0	0	0	0	0	0	0	0	0	0	0	0	0	0	0	0	0	0	5.51344591576546e-05	0	0.0521823561259479	0	0.0940395070294256	0.0750590487809522	0	0	0.013788095206648	0.708575514909077	0	0	0.00320735202302633	0	0.00231076357136502	0	0	2.09824718644281e-05	0	0.0241647402904939	0	0	0	0	0	0	0	0	0	0	0	0	0	0	0	0	0.00638464179739782	0	0	0
U61	0	0	0	0	0	0	0	0	0	0	0	0.0108040432787315	0	0	0	0.000120594709220174	0.000263406486754752	0	0	0	0	0	0	0	0	0	0	0	0	0	0	0	0	0	0	0	0.000139468649593436	0	0.241367179703201	0	0	0	0	0	0	0.60848990279367	0	0	0.0140980744531816	0	0	0	0	4.42311512729671e-05	0	0.0397899930245532	0	0	0	0	0	0	0	0	0	0	0	0	0	0	0.012646257991579	0	0.00507891507705852	0	0	0
U62	0	0	0	0	0	0	0	0	0	0.00548939653685498	0	0.0614304971500333	0	0	0	0.000250350217596293	0	0	0	0	0	0	0	0	0	0	0	0	0	0	0	0	0	0	0	0	0.00471203918322414	0	0.0110386284772181	0	0	0	0	0	0	0.836407415218269	0	0	0.0124106530198582	0	0.00228134630382922	0	0	5.45370406176618e-05	0	0.0545648631932903	0	0	0	0	0	0	0	0	0	0	0.00663057566597109	0	0	0	0.00195951755084122	0	0	0	0	0
U63	0	0	0	0	0	0.00334097061536321	0	0	0	0	8.28424271066034e-05	0.00838363184391236	0	0	0	0.000124361411990877	0	8.48742482572807e-05	8.68673405700583e-05	0	0	5.97944400390809e-05	0.00557762502056409	0	0	0	0	0.000167923836677199	0.002134936985341	0	3.95141220423308e-05	0	0	0	0	0	0.00271647653344756	0	0.0136401117970723	0	0	0.0420673711802383	0.105958493396042	0	0.00881082520245929	0.727125423449447	0	0	0.00427156300364782	0	0	0.00254028879809043	0	1.38070585279509e-05	0	0.0507694202144665	0	0.000150698388662862	0	0	0	0	0	0.00285372690269147	0	0.000196757152737964	1.97821588269024e-05	0	0.00098986862128481	0	0	0	0.00451891976279628	0.00114009573314766	0	0
U64	0	0	0	0	0	0	0	0	0	0	0.00486572911968111	0.00288511604212063	0	0	0	0.000441728590378358	0	0.00137494950144169	7.09260967106124e-05	0	0.011065658536457	0	0	0	0	0	0	0.0006175705260089	0.00107075507569099	0	2.09820588816344e-05	0	0	0.0262110252304702	0	0	9.05046178858771e-05	0	0.355913459473673	0.0834245969548351	0	0	0	0	0.00501553920297466	0.371708276675254	0	0	0.00377007138691772	0	0	0	0.000629109505135354	0.000171935864060583	0	0.0231981858524603	0.00162924565006712	6.37850243104468e-05	0	0	0	0	0	0.00100557523703934	0.00345755945426208	0	0.00160082507421122	0	0	0	0.000813583617194793	0	0.00373048752805207	0	0	0
U65	0	0	0	0.00382268582247788	0	0.000897330528697051	0	0	0	0	0	0.00102973161564978	0	0	0	0.00059450982629563	0	0.000377296773537219	0.000330429460437132	0	0	0	0	0.000192269579730863	0	0	0	0.003588352135255	0.000409719290865329	0	9.07687210926991e-05	0	0	0.00060558895618977	0	0	0.000496567478130927	0.00141759134797445	0.00469284381209184	0.00315506262956047	0.0108398289394881	0	0	0	0.00433050864505053	0.882766525222778	0	0	0.00251445271103523	0	0.000941043889223284	0	0.000603131546782196	5.814696299664e-05	0	0.0525569878966191	0	0.000275935031647141	0	0	0	0	0	0.000958504160438261	0.00057846534782497	0.0004537690900559	0.0156936369054794	0	0.000417646067228696	0	0	0.00169738359134267	0.00123098014209161	0.000538473919975122	0.000389035668606764	0
U66	0	0	0	0.0031350158341281	0	0.010709734783669	0	0	3.62836861423099e-05	0	0.00201108976106407	0.0240551214245651	0	0	0	0.000144462925193141	0.000117990521858368	7.31841586834857e-05	0.000167276496848856	0	0	0	0.000101357053815573	0.00529175467597202	0	0	0	0.000133656787592902	0.000103247123793106	0	4.71761357595594e-05	0	0	0.0275752280236197	0	0	0.000135359636651185	0.000980584569444841	0.000394190789568652	0.012725468802161	0.0343759271878033	0	0	0	0.00770230615279478	0.781947686643343	0	0	0.00442167278891826	0	0.00254754596461967	0	0	0.0010962087639461	0	0.0588764196174438	0.00162261115880604	9.38711182898403e-05	5.03180019753905e-05	8.20239779802407e-05	0	0	0	0.000323986208749686	0.00020303714304775	0.000178978665608877	0.000215514941330378	0	0	0	0	0.0172314844792056	0.000125631220633089	0	0	0
U67	0	0	0.00263034201515358	0	0	0.00644771330463109	0	0	0	0	0.00551294375889153	0.0113890299536098	0	0.000814839647653689	0	0.000850626414530957	0	0	6.09102214914255e-05	0	0	0	0	0	0	0	0	7.72512994963129e-05	7.97221129835504e-05	0	0	0	0.0022084452475383	0	0	0	4.92883430109427e-05	0.201995631190856	0.00639185117817002	0	0.0805103781219236	0	0.146674828944078	0	0.00434614176451684	0.474742420307021	0	0	0.00331215348203748	0	0.000164480707372311	0	0	0.000702962825889566	0	0.0314388488765811	0	0	0	0	0	0	0	9.85371879059174e-05	0.000111709986438467	0	0.000142054030840175	0	0	0	0	0	0.00230999060016585	0.000820552725890189	0.000448946020668729	0
U68	0	0	0	0	0	0	9.87176270885648e-05	0	3.49729067320949e-05	0	0	0.0248258579601019	0	0	0	7.73578500216512e-05	0	0.000130228198576468	0.000164458215053366	0.00617304425975605	0	0	0	0.0070182305293094	0.000145405321524468	0	0	0	0.000149275848791013	0	4.54718572260994e-05	0	0	0	0	0.00108166874788029	0.00352789939462874	0.000573293854243014	0.00873885725439652	0	0	0.064315857985074	0	7.49312441392504e-05	0.00765337985035905	0.689113337852026	0	0	0.00739374726527949	0	0.00197986614897881	0	0	0.00180205828080649	0	0.039626197562162	0	9.80200041139464e-05	4.40911177799047e-05	0.00140728276383058	0	0	0	0.00726811011275019	0.000127959154290364	0.00539102856763756	0.00215127839708094	0	4.22677552137749e-05	0	0	0	0.00528771500074177	0	0	0
U69	0.000157816415750146	7.47794209763461e-05	0	0.00344076241487714	0	0	0.0338435688704344	0	2.18438353263628e-05	0	0	0.00356879072388921	0	0	0	0.000338220223266866	0.00601229257753874	0.000162679334545773	0.000273918565607552	0.00047763439946804	0	5.15737937238567e-05	0.00619962142303807	0	0	0	0	0.000220534531804042	0.000212372367862037	4.59882780901302e-05	0.000103277784420557	7.37406834730539e-05	0	0	0.00469636528240508	0	0.0319225219970657	0.0209167621410626	0.0336195308829162	0	0	0.0107167681343153	0.141876068286267	0	0.00772071498560894	0.556364240546926	0	0	0.00703569682191077	0	2.77391600788111e-05	0	0	0.000271257496679654	0	0.0211107517006735	0.00901115460403374	0.000188377189486923	0.00107585688585668	0.00017118696804065	0	0.00982319625304133	0.00546184684917742	0.00127515992293218	0.000269542229797072	0.00894328078974222	0.00971141884052949	0	0.000295681619134107	0	0.0063356587016781	0	0.000352957152396459	0	0.000241334826384962	0
U70	0	0	0	4.07219816270356e-05	0	0	0	0	0	0	0	0.00130431999722043	0	0	0	1.0747158381169e-05	0	0	0	0	0	0	0	0	0	0	0	0	0	0	0	0	0	0	0	0	8.1825320077716e-05	0	0.000758793934621598	0	0.00567052982351761	0	0.023486478934545	0	0	0.0326269113127197	0	0	0.000352008894267884	0	0.00292166982639778	0	2.01907521423114e-05	2.36507831087405e-06	0	0.00209989370581289	0	0	0	0	0	0	0	0	0	0	0.889941708182973	0	0.0245909529363917	0.00120093301416671	0	0	0.000527392240382563	2.60389114113657e-05	0	0
U71	0	0	0.00964494727045056	0.00236829478368375	0	0	0	0.000820251181976186	0	0	0.00112545612671985	0.00313387301619458	0	0.0230361592149164	0	6.42720493075242e-05	0	3.91081641490895e-05	5.34449483107962e-05	0	0	0	0	0	0	0	0	0.000682068929564808	5.89062946417975e-05	0	0	0	0	0.00257469384513507	0	0	4.94257015664778e-05	0	0.0172470492889813	0.221429065662088	0.163446719554522	0.0382591232197422	0.193599416768683	0	0.00292118704403035	0.284658256507576	0	0	0.00201715023298481	0	0.000224763265237816	0	0	0.000494542342302037	6.04350371069084e-05	0.0188885369505745	0.000432909150572426	0	0	0	0	0	0	0.000608203263486821	0	0	0.0033064239897144	0	0.000783099388158455	0	0	0.00190871659304155	0.00045395602478342	0.000349105261839744	3.6202912049443e-05	0
U72	0	0	0	0	0	3.14613821071162e-05	0	0	0	0	0	0.0054293643412589	0	0	0	0.000153022761713992	0	7.54253698277711e-05	3.79278314309679e-05	0.00656826291624177	0	0	0	0	0	0	0	9.1833316888197e-05	8.64573170124892e-05	0	0	5.09807075500867e-05	0	0	0	2.74286813973481e-05	0.000117184164148581	0	0	0	0	0	0.221142276004343	0	0.0155265377993356	0.656791284085515	1.52986226518257e-05	9.57380976926944e-06	0.00232203118043748	0.00275970423070024	0.000186624396144136	0.000346690227879879	0	0.000511090666252294	0	0.0783186310360906	0.00180063254320648	0	0	0	0	0	0	0.000210038971470977	0.00301005245559322	0	7.30240450318971e-05	0	0	6.43430582683701e-05	0	0	0.000208604474476298	0	9.34245134308227e-06	0
U73	0	0	0.00174876005238387	0.000202408008364983	0	0.00161062416797536	0	0	0	0	0.000556836050158899	0.00348615733113441	0	0	0	2.61157593207829e-05	0	0	0	0	0.000745944219547196	0	0	0	0	0	0	0	3.59964741912645e-05	0	0	0	0	0	0	0	0.000932822494236689	0	0.0156443557166815	0	0.100537812509934	0.0278959259537261	0.11682302383805	0	0.00642805295245035	0.669132364704597	0	7.40266541565201e-06	0.00499010770134306	0	0.000228110611932825	0.00184985921876819	0.000437649571428118	2.42658094462946e-05	0.000251954962894022	0.0378235727131284	0	0	0	0	0	0	0	0	0	0.000886596801153616	0.000779512924280903	0	0	0.00158006623622165	0.00210729242548906	0	2.92003718273653e-05	8.04242253769108e-05	0	2.87591469393164e-05
U74	0	0	0	0	0.00119212653476409	0.00396013649675806	0	0	0	0.000608594677767985	0	0.0432865964729798	0.000298494407623966	0	0	5.65334279935601e-05	0	0	0	0	0	0	0	0	0	0	0	7.84568900320674e-05	3.63637969361108e-05	6.55790498101089e-05	0	0	0	0	0	0	5.33947078993917e-05	0	0.015636247924206	0	0.105207405650217	0.0217293094619341	0	0	0.00517078765571885	0.728588465606942	6.97074690781705e-06	0.000680517203060088	0.00636303757557708	0.000688084438984112	0.00116842056684428	0.000496593327428231	0	0.000501235021024265	0.000880130464144043	0.0526406008118066	4.65960103930374e-05	0	0	0	0	0	0	0.00123310737382297	0	0	2.49549546103832e-05	2.07534111535039e-05	0	7.81808063043304e-05	0	0	0.00382003585168876	0	0.000792844898032906	0
U75	0	0	0.00177124502142509	0	0	2.42952908905009e-05	0	0	0	0	0	0.0184919565617522	0	0	0	4.24904860698004e-05	0	0	0	0	0	0	0	0	0	0.00359625277513884	0	1.8499816905345e-05	0	0	0	0	0	0	0	0.00144952489276732	3.0351527699046e-05	0	0	0	0	0	0.222382754146874	0	0.00395769041545186	0.666686549005282	4.1092027076221e-06	3.58176646194494e-06	0.0047697207369245	3.05743610422411e-06	0.00161057839744519	0.00103386573345557	0	0.00151729329738275	0.00027626943018856	0.0468303265770507	1.85811911698012e-05	0	0	0	0	0	0	5.750137432775e-05	2.29730673285772e-05	0	2.32919384920951e-05	9.45349470231993e-06	0	0.000875648544482995	1.60779395948055e-05	0	0.0090466132529619	0	0.00219132500753608	4.58737768795533e-06
U76	0	0	0	0	0	0	0	0	0	0	8.61399178356214e-05	0.0144984673823462	0	0	0	0.000275224257739944	0	0	0	0	0	0	0	0	0	0	0	0.000189158781019008	0.000139096154242214	0	0.000126062207949408	0	0	0	0	0	0.00010609955275057	0	0	0	0	0	0	0	0.00614177020771029	0.889877154440585	3.55521169895893e-05	1.56027865726165e-05	0.00399270941418079	0	0.00045235324802749	0	0	0.000121134348288222	3.63629743820128e-05	0.0622902976255008	0	0	0	0	0	0	0	0.00569343233828187	0	0	8.09929987605753e-05	4.72370623663853e-05	0	0.000380611023492616	0	0	0.00521092315459259	0	4.44084776720875e-05	0
U77	0	0	0	0.000494734281113827	0	0.00866732678886448	0	0	0	0	0.00103440348956133	0.0114947898689985	0	0	0.00335071804866764	0.000391703787714974	0	0	0	0	0	0.00019909780405857	0	0	0	0	0	0.000258859679180848	0	0	0	0	0	0	0	0	0.000264254955281906	0	0.050502125946335	0	0	0	0	0	0.0156080097200687	0.83990966919216	4.983186998506e-05	2.1589322165135e-05	0.00446221509252096	0.00245564269170533	0	0	0	0.00802301219164461	0	0.0448553239909234	0	0	0	0	0	0	0	0	0	0	8.91974732559767e-05	6.22486959988517e-05	0	0.000306314087722899	0.000124599587229455	0	0.000291979362741257	0.00686801664292124	3.51128066473021e-05	0
U78	0	0	0.0258392233596594	0.000308215155889792	0	5.20919775043991e-05	0	0	0	0	0.00538838884742982	0.00936370693120849	0	0	0	0.000255648518835219	0	0	0	0	0	0.00645652765148631	0	0	0	0	0	0.000126710067807274	0.00260607937569436	0	0.00330796057726307	0	5.08401428758747e-05	0.000102305016932846	0	0	0.000117031840029985	0	0.0216374008740546	0	0.175189425708892	0.0593066582682333	0	0	0.00363054114663162	0.6105210394631	0	0.00112924807531003	0.0104136402414489	0	0	0	7.74465537632054e-05	7.34495944219696e-05	0.000174160964090638	0.0273706308129644	0.00474541803251009	0	0	0	0	0	4.61370733041966e-05	0	0	0	0.000120908948350512	0	0	0.0056976690477601	6.09906579370079e-05	0.00387542865282259	0.00015086211132043	1.01304023683293e-05	1.20312065513297e-05	0.00129702547698871
U79	0	0	0	0.13988121482366	0	0	0	0	0	0	0.420456019992966	0.0374683626978212	0	0	0	0	0	0	0	0	0.00536621967991947	0	0	0.00872458995546188	0	0	0	2.69227203396328e-05	0	0	0	0	0	0.0167944909685995	0	0	1.30875571513066e-05	0	0.0108979951018685	0	0	0.00384182286432845	0	0	0.00136969337330918	0.188919026229049	0	0	0.00181092771149264	0	0.000374217186392031	0	0	1.20367010014363e-05	0.000268191715206106	0.0216221950164325	0	0	0	0	0	0	0	0	0	0	1.51643136377854e-05	0	0	0.000974609675403077	0.00205903972184604	0	0	0	4.1083952732409e-06	0.00114649233245644
U80	0	0	0	0.0051428676739231	0	0.000503105426521327	0	0	0	0	0.0140592748347844	0.0121523078740195	0	0	0	0.00347211598067542	0	0.000835020034916728	0	0	0	0	0	0	0	0	0	0.00146852288759366	0.00151549227426601	0	0	0	0	0.000808416525892707	0	0	0.00167313647218542	0	0	0	0	0	0	0	0	0.803508000852088	0.000285415901776559	0.000114822399051862	0.0137661700381339	0.00130451218161723	0	0	0	0.00511091970495824	0	0.102225050859922	0	0.00222392851212729	0	0	0	0	0	0	0.0047297742043001	0	0.000437902791109744	0.000463495458685529	0	0.00205784233124827	0.00132536106665379	0	0.0128544538091658	0	0.000149397210981981	0
U81	0	0	0.00592391433774165	0.00554985461211603	0.0018353417178785	0	0	0	0	0	9.93355575770414e-05	0.0118232048434374	0	0	5.30470982659637e-05	0.000336345510015237	0	0.000286811610657501	0.000225429269922869	0	0.000150698620977419	0	0.000466415970416952	6.71858687809703e-05	0.000409077131199521	0	0	0.000341694578112891	0.00030755122567308	0.000117696037510439	9.16292578767008e-05	0	0	0.00076584189921733	0	0	0.000249154463296416	0	0.00659987270129827	0.0045435972909106	0.0322474428330267	0	0	0	0.00845637824647888	0.834219191524021	0	0	0.0098253978659954	1.61346692076739e-05	0	0.00448744779572937	0.00101127947614655	0.00158485293037209	9.40323824840422e-05	0.0467358655943493	0	0	0	0	0	0	0	0.000532461219228354	0.000318237292604176	0.000275761677760934	0.000184373954171715	0	0	0	0	0.00622625253529516	0.00832766490778622	1.88161319081772e-05	0	0
U82	0.00124801544653434	0.000168123454371618	0	0.00732450567274192	0	0.00298427306098921	0	0	0.000395452584452645	0	0	0.00498024860629426	0	0	0.000142137063805711	0.00107351473454194	0	0.000140360393177699	0.000324848836341343	0.00107052067892299	0.00289025297725524	0	0.000773276711998036	0.000657077889528958	0.000381144987074987	0.00174767805468902	0	0.000772499497200101	0.000831173285621186	8.5147510272106e-05	8.07370947688449e-05	0.000105024158897798	0	0.000275405057544971	0	0	0.0055362933331162	0.0829659333716943	0.0347117354524614	0.00120848412082314	0.0709000237936333	0	0	7.70252024126877e-05	0.00942624647982074	0.690013160424922	0	0	0.00675820363296317	0.000447450967320177	0.00290076720587571	0	0	0.00109021748658411	0	0.0319644245114812	0	0.000186016911701192	0	0.000162540389541931	0	0.000111789215441682	0	0.00184838863552602	0.000371392881702978	0.00196729684027903	4.68020389931267e-05	0	0	0	4.72171464343262e-05	0.00510074636442792	0.000138307403465261	0	0	0
U83	0	0	0.00253023038756306	0.0100639001464308	0	0.000878081682400276	0	0	0	0.00505151726980757	0.00781486351188915	0.0016815646411266	0	0	0	0.000236689848484455	0	0	0	0.000975628065782682	0.00979925876047532	0	0.00189664493812408	0	0.0105803047941465	0	0.00166533335676624	0	0.000566898932714633	0	0	0	0	0.06081679099745	0	0	0.000386825312256453	0	0.00565400318916617	0.294839786162373	0.259392901505385	0.0125722167899717	0.13468082912412	0	0.0010337185401938	0.123584225561219	0	1.01975392800903e-05	0.00188922200005924	3.03292479245066e-05	0.000192918209097551	0	0.0001258230895869	0.000167184217319667	0.000112727219648761	0.00798565601191548	0	0	0	0	0	0	0	0	0	0.000328734291786308	0.000399156097014257	0	0	0	0	0	0.00113209657146851	0	0	0
U84	0	0	0.0328373567681845	0.00036003639615781	0	0.000100966471316379	0	0	6.75045471396934e-05	0	0	0.00655896872692274	0	0	0	0.00029863143530156	0	0.000377048936433789	0.000315361722681786	0	0.000199028998895734	0	0	0	0	0	0	0.000331551793762729	0.000352160753206826	0	0.000127664671519454	0	0	0.00125734601478996	0	0	0.000255189678458619	0	0	0.00494180829494557	0.135746538331794	0.0893439713275751	0	0	0.0126615974941702	0.660121775724612	0	0	0.00709550089498154	0	0	0	0.00151986054947311	5.11143126506065e-05	0	0.0327060198852851	0	0.000310478185328491	0.00010212539495926	0.000406940979961637	0	0	0	0	0.000716744232270085	0	0.000161115575463556	0	0	0	0	0	0.00739287579886591	0	0	0
U85	0	0	0	0	0	0	0	0	0	0	0	0.00727727440341078	0	0	0	0.000526795348403429	0.000309788061277095	0.000292532305701724	0.000292793655105762	0	0	0	0.000582129761739122	0	0.000453836215627839	0	0	0.000284310709696313	0.000652989668656467	0	0.000105564578585873	0	0	0	0.0115978663009156	0	0.00207311695359721	0	0	0.00133431169557123	0	0	0	0	0.0043466673276079	0.821449851435398	0	0	0.0066977115193098	0	0	0	0	7.88962771117347e-05	0.00157327258059638	0.0495734633785552	0	0	0	0.000164508787580003	0	0	0	0.0295407761606326	0.000299003802946506	0.0101876055758762	0.000314895036918059	0	0	0	0	0	0.000744451297807718	0	0.00436336145472014	0
U86	0	0	0	0	0	0	0	0	7.65275539701118e-05	0	0	0.00522997775022751	0	0.0176606206435339	6.80779711933069e-05	0.000440112601763285	0	0.000439320746188596	0.000218742405770876	0	0	0	0.000491686474685596	0	0.000334083886083295	0	0	0.000234917982458362	0.000449136428029775	0	0.0001175923694623	0	0.00589104349002416	0.000120699938876513	0	0	0.000399690296469347	0	0.0399594285176061	0	0	0	0	0	0.00924669565294569	0.859443920984969	0	0	0.00492361779675215	0	0	0	1.00174223944984e-05	7.82277200929211e-05	0	0.0459557295198491	0	0.000214486923047111	0	0.000472868192361261	0	0	0	0.00427634747756036	0	0	0.000361151157970755	0	0	0	0	0	0.00288527809571377	0	0	0
U87	0	0	0	0	0	0	0	0	0	0	0	0.00156846699704479	0	0	0	3.26221540062694e-05	0	0	0	0	0.00773382772144215	0	0	0	0	0	0	0	0.000556060986053896	0	1.39459609797288e-05	0	0	0.029132808124706	0	0	0.00175402610982634	0	0.00349494622983964	0	0	0	0.0607868617706247	0	0.00365297950996853	0.784933773820124	0	0	0.00236757944255258	2.99287405609151e-06	0	0	0.000415927424047753	5.58365425004255e-06	0	0.0235786139295183	0	0	0	0	0	0	0	0	0	0	1.92000832606337e-05	0	0	0	0	0	0.00215325523285332	0.00205486830785082	0	0
U88	0	0	0	0.0241972979231611	0	0	0	0	0	0	0	0.00161994669564483	0	0.000153631716606798	0	6.06095259085699e-05	0	0	5.41395911621135e-05	0	0	0	0	0	0	0	0	4.40595547989489e-05	8.00598243991095e-05	0	0	0	0	3.08694816961483e-05	0	0	4.08889234008589e-05	0	0	0	0	0	0.229654896666831	0	0	0.698367182617432	0	0	0.00363300136027545	0	0	0	0	1.25970377287783e-05	0	0.0263809042012519	0	0.00226174888554021	0	0	0	0	0	0	0.000449878072572662	0	2.70727544001338e-05	0	0	0	0.0128531144233625	0	2.6354323784565e-05	0	0	0
U89	0	0	0	0	0	0.0309258719247591	0	0	7.03732720880526e-05	0	0	0.0368307522750012	0	0.000834727942142161	4.63727390302698e-05	0.000197170832590639	0	0.000129993137753708	0.00017303349192245	0	0	7.38457470047946e-05	0	0	0	0.0005476025301893	0	0.00016321968532645	0.00026700109452325	5.55593642075281e-05	0	0	0	0.000200845177863096	0.00505775660697161	0	0.000210027231063657	0	0	0.000473126202090783	0.0721891057850421	0.0189426802048402	0	0	0.00388442865677274	0.634534266738155	0	0	0.00221170615375323	0	0.000473639201322263	0	0.00101535794919256	0.00049734009406111	0	0.0485424810028307	0	0.00470336757046595	0	0	0	0	0	0.00423650251461696	0	0.00140300143405184	0.000114519810157216	0	9.92274859458714e-05	0	6.16189917841255e-05	0.00228139597394011	0.000225616147609472	0	0.00114866424605963	0
U90	0	0	0	0.00130532864306098	0	0	0	0	0	0	0	0.00267070637052688	0	0	0	9.35061258808428e-05	0	0	0	0	0	0.00188235500413536	0	0	0	0	0	0.000136597359613037	0	0	0	0	0	0.014016591463829	0	0	0	0	0	0	0.0719108449904998	0.0439337169703174	0	0	0.00710792949805739	0.825323756902347	1.61819649588594e-05	1.13924440180286e-05	0.00418996587410568	0	0	0	0	5.72798906955512e-05	0	0.023520700664926	0	0	0	0	0	0	0	0	0	0	0	0	0	7.65656208904489e-05	0	0	0	0.00112797204327795	1.66757609541753e-05	0
U91	0	0	0	0	0	0	0	0	0	0	0	0.0142871572761537	0	0	0	0.000198535059124801	0	0	0	0	0	0	0	0	0	0	0	0	0.000319257329386185	0	0	0	0	0	0	0	0	0	0	0	0	0.0370093351909556	0	0	0	0.868158230962446	0	0.00144441520727855	0.00801992443391882	0.00402611081388009	0	0	0	0.000127430713991029	0	0.0585593874309741	0	0	0	0	0	0	0	0.000533226378759142	0	0.0049635923459654	0	0	0	0.00012869844697383	0	0	0.000129490990348969	0	0	0.00209520741984322
U92	0	0	0	0	0	0	0	0	0	0	0	0.0172214197667299	0	0	0	0.000330546335097188	0	0	0	0	0	0	0	0	0	0	0	0	0	0	0	0	0	0	0	0	0	0	0	0	0	0	0	0	0.0113567874823093	0.903071516356046	0	0	0.00302705786794299	0	0	0	0.00139772733178697	0.00271568857551455	0	0.0420700317299745	0	0	0	0	0	0	0	0	0	0	0	0	0	0.000263721390174787	0	0	0.0145939908559285	0	0	0
U93	0	0	0	0	0	9.33977805195355e-05	0	0	0	0	0	0.0238820046160145	0	0	0	0.00595638016577402	0	0	0	0	0	0	0	0	0	0.00471827592246539	0	0.000408930951336399	0.000389222447312783	0	7.87298754186089e-05	0	0	0	0	0	0.00637540039893521	0	0.0157001838579142	0	0.124438221653884	0	0	0	0.0176784013809183	0.718464688139765	0	0	0.00261635354239094	0	0	0	0	5.04347586830111e-05	0	0.0304032511783163	0	0	0	0	0	0	0	0.00061667923593505	0	0.000293354773321129	0	0	0	0	0	0	0.00834645337631013	0	0	0
U94	0	0	0	0	0	0	0	0	0	0	0.000206395626571684	0.0266190604924859	0	0	0	0.00108526643562568	0.000390013395001617	0	0	0	0	0	0	0	0	0	0	0.000697282052791345	0.000727158388545514	0	0.000144984464084049	0.000291978188286754	0.000146880320199398	0	0	0.00016661091401204	0.00250152067446555	0	0	0	0	0	0	0	0.00449224349548811	0.895466296409566	4.95619766285628e-05	0	0.011089469283343	0	0.00186397869273773	0.000940938556882103	0	0.00409695051411031	0	0.0310898890211873	0	0	0	0	0	0	0	0.00155064275049478	0.000762650095502483	0	0	0	0	0	0	0	0.00348679679111515	0	0.00131658369871995	0.000702683556984906
U95	0	0	0	0	0.000867187526014157	5.2184104885039e-05	0	0	0	0	0.0416984715779068	0.00457732785215651	0	7.30303606862773e-05	0	0.000149201527179185	0	0	0	0	0	0	0	0	0	0	0	0	8.27331490760272e-05	0	0	0	0	0	0	0	0.000166602660756259	0.0706920793515767	0	0	0	0	0	0	0.00233862912489213	0.841945192312373	0	1.53126488277137e-05	0.00213312836302901	0	0.000439511020223563	0.000864860749188424	0	3.52242184893846e-05	0	0.0165709098017072	0	0	0	0	0	0	0	0	0	0	0	0	0.00141961830306857	9.78301726346329e-05	0	0	0.00605808353273965	0	0	0
U96	0	0	0	0	0	0.00280502230551529	0.0020722777223877	0.00359172975509717	0	0.0039210511181455	0.00181868929737406	0.0045687781384433	0.00137956733973211	0.31958750885229	0	0.000130363458776482	0	0	0	0	0	3.69722792587225e-05	0	0	0	0	0	8.39040088755694e-05	0	0	0	0	0	0	0	0	7.39264595840072e-05	0	0	0	0	0	0	0	0.00361742089230901	0.614970870423572	6.98883484915129e-06	0	0.00497461261454151	0	0	0	0.000167713382526064	0.000280047102136198	0	0.0253676109223808	0	5.52452441862242e-05	0	0	0	0	0	0	0.000216923656878707	0	0	0	0	2.93936923709465e-05	0	0	5.25772735783693e-05	0	0	0
U97	0	0	0	0.000120909475862978	0	5.65119172244286e-05	0	0	0	0	0	0.00586540400580649	0	0.000131811711218227	0	0.000211719477078531	0	0	0	0	0	0	0	0	0	0	0.000253025565488385	0.00010309603798938	0	0	0	0	0	0	0	0	0.00523216738811201	0	0	0	0.00100704187652401	0	0	0	0.0123369676649722	0.882273102622525	0	1.28975629533467e-05	0.0068087480919159	0	3.07072244199083e-05	0	0	0.00149339728247972	0	0.0100382538477039	0	0	0	0	0	0	0	0.00021766039474885	0	0	0	0	0	0.000115574797402327	0	0	0.00648297747179422	0.000554600745724228	1.4683551721362e-05	0.000951004150143188
U98	0	0	0	0	0.00110909104883638	4.69140866020791e-05	0	0	0	0	0	0	0	3.22516360199681e-05	0	9.34799095325118e-05	0	0	0	0	0	0	0	0	0	0	0	3.24327859297809e-05	2.19219551170347e-05	0	0	0	0	0	0	0	3.6787467839973e-05	0	0	0	0	0	0	0	0.00440158596468838	0.967865795014074	0	0	0.00527332685120846	0	0.00120885554462553	0	0	0.00050200529650128	0	0.0192342390091963	0	0	0	0	0	0	0	0	0	0	0	0	0	5.72309193695583e-05	0	0	4.74215879525237e-05	0	3.66609225058409e-05	0
U99	0	0	0	0	0	0	0	0	0	0	0	0.0182917439404431	0	0	0	0	0	0	9.53135316995337e-05	0	0	0	0	0	0	0	0	0	9.5091304975773e-05	0	0	0	0	0	0	0	9.57443576164999e-05	0	0	0	0.00058129131178651	0	0	5.72790048509529e-05	0.00574054514114286	0.910486230762277	0	0	0.00598579232676454	0	0.00101847264584581	0	0	0.00166126856578133	0	0.035127057309877	0	0	0	0	0	0	0	0	0	0	3.19035631999447e-05	0	0	0	0	0	0.0155373334808064	0	0	0
U100	0	0	0	0	0	0	0	0	0	0	0	0.0137973391543004	0	0	0	0.000136013816724968	0	9.78248480148835e-05	7.46019827750401e-05	0	0	7.64112552706211e-05	0	0	0	0	0	9.93471179588703e-05	4.6046158879961e-05	0	0	5.04247066831497e-05	0	0	0	0	8.69295065739888e-05	0	0	0	0	0	0	0	0.0092922456264523	0.940846964035254	0	0	0.00558794283341334	0	0	0	0.000295137363561664	0	0	0.0205682214316504	0	0.000230255621050506	0	0	0	0	0	0	0	0	0.0024121006124167	0	0	0	0.00299139322612453	0	6.84799086229162e-05	0	0	0
U101	0	0	0	0	0	0	0	0	7.22377052899231e-05	0	0	0.0136386747138921	0	0	0	0.000658315024091866	0	0.000179327125066049	0.000138541882723049	0	0	0.000216036298029302	0	0	0	0	0.000566002529093397	0.000153746240999273	0.000143889277954615	0	6.14772113667063e-05	0	0	0	0	0	0.000353570101950494	0	0	0.132164551386705	0	0	0	0	0	0.815037211619597	0	0	0.00468062265592816	0	0.00068910207705183	0	0	3.28189505134567e-05	0.000545545070881067	0.0219040788740078	0	0.000149511472492862	0	0.000104513844140841	0	0	0	0.000574283619918507	0.000223881002356888	0.00348313724061544	6.58302461012685e-05	0	0	0	0	0	0.000133397951612929	0	0	0
U102	0	0	0	0.0273916719693247	0	0	0	0	0	0	0	0.00536926047044455	0	0	0	1.60175441420202e-05	0	0	6.5285481412459e-05	0	0	0	0	0	0	0	0	0	0	0	0	0	0	0	0	0	1.92104938435008e-05	0	0	0	0.0119190690076305	0	0	0	0.00509025600834594	0.912726811110873	0.000354040489005321	0.000915788172457947	0.00533971260742698	0	0.000126288243672261	0	0	0.000391742161301868	0	0.0182046929741736	0	0	0	0	0	0	0	0	0	0	0	0	0	0	0.00207390231652944	0	0.00122270371227121	0.000459251854845971	0	0
U103	0	0	0	0	0	0	0	0	0	0	0	0.00397972022465649	0	0	0	0	0	0	0	0	0	0	0	0	0	0	0	9.66155866205441e-05	9.0421378159466e-05	0	0	0	0	0	0	0	0	0	0	0	0	0	0.00354470067405309	0	0.00619144357186628	0.945029924780968	0	0	0.00556442588207642	0	0.00189540691789234	0.0010172248735819	0	0.000552715500490139	0.000445750794438587	0.0298200164491788	0	0	0	0	0	0	0	0	0	0	0	0	0	0	0	0	0	0	0	0.000471782078001123
U1	0.000294721819462307	0.0014938529216995	0	0.0170305730082499	0	0	0.00483370599736775	0	0	0	0	0.00772349513836151	0	0	9.19276658316142e-06	0.00010800201271492	0	0.00043770578291293	5.71692383490701e-05	0.000234132183441554	0	5.18462011409188e-05	0.000294442289516361	2.91073289411295e-05	0.000161115452427469	0.00945569209398226	0.000638399298242615	0.000409209492412599	0.000250863040312914	0.000131554686174827	0.000170392151585504	4.83019767770946e-05	9.06852545698566e-05	0	0.000236229878098958	0.000166752917251138	0.00110332855565426	0	0.0300700435537561	0	0	0.103242442342993	0	0.000103783887626486	0.00164523560387104	0.644618665942402	0	0	0.00192630654724369	0.00100290483720203	0.000505484416329708	0	0.000645686171788482	0	0	0.0550037884912023	0.000277608133993784	0.000384313859022558	0.000234503431125064	0.000320042499495941	0.000150139341338116	0.00140640749550549	7.31521773520334e-05	0.001524729690304	0.000567137482334649	0.000924697300549066	0.000250983342379161	0	0.00302457366264905	0	0	0	0	0	0	0.0010326476445723
U2	0.000280032246760807	6.83078778509254e-05	0	3.84492144695853e-05	0	0	0.000148577822936885	0	0	0	0	0.00960894759281082	0	0	0	8.50442881559444e-05	0	0.000115578335573243	5.31762251690424e-05	0.000445928674491745	0	8.98308203225951e-05	0.000382622049052189	0.00210577993375162	0.0021230486413076	0	0.011640848330863	0.000457343793541898	0.00380355033188814	0.000128057628811634	0.000195983561618753	0	9.61901062280321e-05	0	0.000332924640107483	0.00348400907974073	0.00458628326182622	0	0.0466326278128287	0	0.116954651151145	0.0385714686473084	0.517448669510745	8.36637378576902e-05	0	0.189858797896128	0	0	0.00134541897991506	0	0	0	0	0.000317509696006534	0	0.00684832597376102	0.000188123215479058	0.000367832771883556	0.000166622849856385	0.000304207728810403	0.000150259317828687	0.000397630069467888	7.75927270906456e-05	0.00548882252267076	0.00331513557022753	0.000951975114591816	0.000224850344764495	0	0	0	0	0	0	0	0	0
U3	0.000247902576780546	0.000116794391637836	0	0.0112908858362749	0	0	0.00341518743760239	0	0	0	0	0.0212791181856397	0	0	0	8.5005776962433e-05	0	0.000115845413884653	4.45465324306668e-05	0.000227453845681052	0	4.32072962190221e-05	0.000368070904241916	0.0036948712211714	0.00550558431745243	0.0129645188382045	0.00599469427767356	0.000382000420471114	0.00186686169661192	0.000104025115122603	0.000103828284823039	2.56616885733216e-05	5.747658752904e-05	0	0.000225145218872222	0.000195975868397853	0.00096343575355353	0	0.0727368608476214	0	0	0	0.527554725928677	9.99833720100528e-05	0	0.244747703916596	0	0	0.00103160954931181	0	0	0	0	0	0	0.0103715998267785	0.000214311760396585	0.00035982449937745	0.00016888330530782	0.000900212346832105	9.693017025425e-05	0.000280463203021204	4.90913533760597e-05	0.00110695291754018	0.000519901473314877	0.000734576933523426	0.000357363983449803	0	2.12327050303208e-05	0	0	0.00160412913379012	0	0	0	0
U4	0.000180600502735977	4.500099429186e-05	0	0.701418591574245	0	0	3.76939283400685e-05	0	0	0	0	0.00624246997254397	0	0	0	4.13531985424445e-05	0	2.35460446281536e-05	2.26250518948595e-05	0.000105896149729642	0	5.74745713752323e-05	0.00020890029935703	0	0.000138455391756773	0.0090300991514	0.000240619161792403	7.17372872079957e-05	0.00183702631312814	5.53499289643435e-05	5.11018120258188e-05	0	3.05822784535807e-05	0	5.07982499712899e-05	4.71381330535556e-05	0.00159890855288404	0	0.0115439547147366	0	0.0345631975432418	0.00356061968793899	0	4.69406439954779e-05	0.00443472812760455	0.177924961385901	0	0	1.94129641900467e-05	0	0	0	0	0	0	0.00305189537798088	5.38830384015287e-05	0.000151149698774957	3.83009064637196e-05	9.86149815889852e-05	4.44116512053287e-05	0.000101216558323307	2.0316059112489e-05	0.00276825352853591	0.000279145236147296	0.000288188331357549	0.000506741915727429	0	0.000472378410862781	0	0	0	0	0.000359689034615574	0	0
U5	0.000795466562081763	0.000281204108634319	0	0.00156745522763608	0	0	0.000180337802716608	0	0	0	0	0.011547746270568	0	0	3.15747743508476e-05	0.000162515380346212	0.000112189786121431	0.000128863345516293	0.000188507078144313	0.000840946146433161	0	0.000169698068795693	0.00103512921271943	0.000147964659194546	0.000272267833669901	0.00184466365900858	0.00125146418986307	0.000601435554710825	0.000556758250757335	0.000334163554842959	0.00037003094040052	0	0.000152461452398857	0	0.000504536110690917	0.00043737508017873	0.00162073004642975	0	0	0	0.124554295423786	0.059379001568547	0	0.000290880244011453	0	0.500229079110667	0	0	0.00422722004619121	0	0	0	0	0	0	0.0299264217847304	0.000411095069098643	0.000674931255868555	0.000314128894762085	0.000548829236397951	0.000250664452401078	0.000762733585703889	0.000154722540532529	0.00347347661459496	0.00137503796047054	0.00186626408690215	0.00184022258082942	0	0	0	0	0	0	0.00032255415598584	0	0
U6	0.000460841019085748	0.00106689914581538	0	0.000249405635042406	0	0	7.88344539197242e-05	0	0	0	0	0	0	0	0	5.08406786511982e-05	5.77330396804067e-05	4.91884290794931e-05	6.86945514803392e-05	0.000177864226734221	0	8.42080872956775e-05	0.000301108046964976	0	0.000112038752727307	0.0072060615675154	0.000262733031657209	0.000233566552906172	0.000112765815419406	0.00011576088910244	0.0001461448294991	0.00190172567114766	5.369054576258e-05	0	0.00633812227976045	9.30152659171797e-05	0.00217382294231663	0.000414349407965192	0	0	0.116767314028543	0	0.293993631301241	0.000118869442553008	0	0.332152992946332	0	0	0.000698556218013409	0	0	0	0	0	0	0.00972783526203953	0.000101997397464755	0.000228973493973082	7.99374059639707e-05	0.000172005264355964	6.21927351310226e-05	0.000186602366879349	0.00292933313070935	0.00925731816183301	0.00962761246632865	0.00429321421498575	0.00800692393510105	0	6.80106229826015e-05	0	0	0	0	0	0	0
